-- phpMyAdmin SQL Dump
-- version 5.2.1
-- https://www.phpmyadmin.net/
--
-- Host: localhost
-- Generation Time: Oct 22, 2023 at 06:32 PM
-- Server version: 10.4.28-MariaDB
-- PHP Version: 8.1.17

SET SQL_MODE = "NO_AUTO_VALUE_ON_ZERO";
START TRANSACTION;
SET time_zone = "+00:00";


/*!40101 SET @OLD_CHARACTER_SET_CLIENT=@@CHARACTER_SET_CLIENT */;
/*!40101 SET @OLD_CHARACTER_SET_RESULTS=@@CHARACTER_SET_RESULTS */;
/*!40101 SET @OLD_COLLATION_CONNECTION=@@COLLATION_CONNECTION */;
/*!40101 SET NAMES utf8mb4 */;

--
-- Database: `wp_g2023`
--

-- --------------------------------------------------------

--
-- Table structure for table `wp_v613commentmeta`
--

CREATE TABLE `wp_v613commentmeta` (
  `meta_id` bigint(20) UNSIGNED NOT NULL,
  `comment_id` bigint(20) UNSIGNED NOT NULL DEFAULT 0,
  `meta_key` varchar(255) DEFAULT NULL,
  `meta_value` longtext DEFAULT NULL
) ENGINE=MyISAM DEFAULT CHARSET=utf8mb4 COLLATE=utf8mb4_unicode_520_ci;

-- --------------------------------------------------------

--
-- Table structure for table `wp_v613comments`
--

CREATE TABLE `wp_v613comments` (
  `comment_ID` bigint(20) UNSIGNED NOT NULL,
  `comment_post_ID` bigint(20) UNSIGNED NOT NULL DEFAULT 0,
  `comment_author` tinytext NOT NULL,
  `comment_author_email` varchar(100) NOT NULL DEFAULT '',
  `comment_author_url` varchar(200) NOT NULL DEFAULT '',
  `comment_author_IP` varchar(100) NOT NULL DEFAULT '',
  `comment_date` datetime NOT NULL DEFAULT '0000-00-00 00:00:00',
  `comment_date_gmt` datetime NOT NULL DEFAULT '0000-00-00 00:00:00',
  `comment_content` text NOT NULL,
  `comment_karma` int(11) NOT NULL DEFAULT 0,
  `comment_approved` varchar(20) NOT NULL DEFAULT '1',
  `comment_agent` varchar(255) NOT NULL DEFAULT '',
  `comment_type` varchar(20) NOT NULL DEFAULT 'comment',
  `comment_parent` bigint(20) UNSIGNED NOT NULL DEFAULT 0,
  `user_id` bigint(20) UNSIGNED NOT NULL DEFAULT 0
) ENGINE=MyISAM DEFAULT CHARSET=utf8mb4 COLLATE=utf8mb4_unicode_520_ci;

--
-- Dumping data for table `wp_v613comments`
--

INSERT INTO `wp_v613comments` (`comment_ID`, `comment_post_ID`, `comment_author`, `comment_author_email`, `comment_author_url`, `comment_author_IP`, `comment_date`, `comment_date_gmt`, `comment_content`, `comment_karma`, `comment_approved`, `comment_agent`, `comment_type`, `comment_parent`, `user_id`) VALUES
(1, 1, 'A WordPress Commenter', 'wapuu@wordpress.example', 'https://wordpress.org/', '', '2023-10-18 03:56:40', '2023-10-18 03:56:40', 'Hi, this is a comment.\nTo get started with moderating, editing, and deleting comments, please visit the Comments screen in the dashboard.\nCommenter avatars come from <a href=\"https://en.gravatar.com/\">Gravatar</a>.', 0, 'post-trashed', '', 'comment', 0, 0),
(2, 14, 'admin', 'dragonno005@gmail.com', 'http://localhost:82/NhomG_CMS_2023', '::1', '2023-10-21 18:17:29', '2023-10-21 18:17:29', 'Bài viết khá hay và bổ ích', 0, '1', 'Mozilla/5.0 (Windows NT 10.0; Win64; x64) AppleWebKit/537.36 (KHTML, like Gecko) Chrome/118.0.0.0 Safari/537.36', 'comment', 0, 1);

-- --------------------------------------------------------

--
-- Table structure for table `wp_v613links`
--

CREATE TABLE `wp_v613links` (
  `link_id` bigint(20) UNSIGNED NOT NULL,
  `link_url` varchar(255) NOT NULL DEFAULT '',
  `link_name` varchar(255) NOT NULL DEFAULT '',
  `link_image` varchar(255) NOT NULL DEFAULT '',
  `link_target` varchar(25) NOT NULL DEFAULT '',
  `link_description` varchar(255) NOT NULL DEFAULT '',
  `link_visible` varchar(20) NOT NULL DEFAULT 'Y',
  `link_owner` bigint(20) UNSIGNED NOT NULL DEFAULT 1,
  `link_rating` int(11) NOT NULL DEFAULT 0,
  `link_updated` datetime NOT NULL DEFAULT '0000-00-00 00:00:00',
  `link_rel` varchar(255) NOT NULL DEFAULT '',
  `link_notes` mediumtext NOT NULL,
  `link_rss` varchar(255) NOT NULL DEFAULT ''
) ENGINE=MyISAM DEFAULT CHARSET=utf8mb4 COLLATE=utf8mb4_unicode_520_ci;

-- --------------------------------------------------------

--
-- Table structure for table `wp_v613options`
--

CREATE TABLE `wp_v613options` (
  `option_id` bigint(20) UNSIGNED NOT NULL,
  `option_name` varchar(191) NOT NULL DEFAULT '',
  `option_value` longtext NOT NULL,
  `autoload` varchar(20) NOT NULL DEFAULT 'yes'
) ENGINE=MyISAM DEFAULT CHARSET=utf8mb4 COLLATE=utf8mb4_unicode_520_ci;

--
-- Dumping data for table `wp_v613options`
--

INSERT INTO `wp_v613options` (`option_id`, `option_name`, `option_value`, `autoload`) VALUES
(1, 'siteurl', 'http://localhost:82/NhomG_CMS_2023', 'yes'),
(2, 'home', 'http://localhost:82/NhomG_CMS_2023', 'yes'),
(3, 'blogname', 'NhomG', 'yes'),
(4, 'blogdescription', '', 'yes'),
(5, 'users_can_register', '0', 'yes'),
(6, 'admin_email', 'dragonno005@gmail.com', 'yes'),
(7, 'start_of_week', '1', 'yes'),
(8, 'use_balanceTags', '0', 'yes'),
(9, 'use_smilies', '1', 'yes'),
(10, 'require_name_email', '1', 'yes'),
(11, 'comments_notify', '1', 'yes'),
(12, 'posts_per_rss', '10', 'yes'),
(13, 'rss_use_excerpt', '0', 'yes'),
(14, 'mailserver_url', 'mail.example.com', 'yes'),
(15, 'mailserver_login', 'login@example.com', 'yes'),
(16, 'mailserver_pass', 'password', 'yes'),
(17, 'mailserver_port', '110', 'yes'),
(18, 'default_category', '1', 'yes'),
(19, 'default_comment_status', 'open', 'yes'),
(20, 'default_ping_status', 'open', 'yes'),
(21, 'default_pingback_flag', '1', 'yes'),
(22, 'posts_per_page', '10', 'yes'),
(23, 'date_format', 'F j, Y', 'yes'),
(24, 'time_format', 'g:i a', 'yes'),
(25, 'links_updated_date_format', 'F j, Y g:i a', 'yes'),
(26, 'comment_moderation', '0', 'yes'),
(27, 'moderation_notify', '1', 'yes'),
(28, 'permalink_structure', '/%year%/%monthnum%/%day%/%postname%/', 'yes'),
(29, 'rewrite_rules', 'a:94:{s:11:\"^wp-json/?$\";s:22:\"index.php?rest_route=/\";s:14:\"^wp-json/(.*)?\";s:33:\"index.php?rest_route=/$matches[1]\";s:21:\"^index.php/wp-json/?$\";s:22:\"index.php?rest_route=/\";s:24:\"^index.php/wp-json/(.*)?\";s:33:\"index.php?rest_route=/$matches[1]\";s:17:\"^wp-sitemap\\.xml$\";s:23:\"index.php?sitemap=index\";s:17:\"^wp-sitemap\\.xsl$\";s:36:\"index.php?sitemap-stylesheet=sitemap\";s:23:\"^wp-sitemap-index\\.xsl$\";s:34:\"index.php?sitemap-stylesheet=index\";s:48:\"^wp-sitemap-([a-z]+?)-([a-z\\d_-]+?)-(\\d+?)\\.xml$\";s:75:\"index.php?sitemap=$matches[1]&sitemap-subtype=$matches[2]&paged=$matches[3]\";s:34:\"^wp-sitemap-([a-z]+?)-(\\d+?)\\.xml$\";s:47:\"index.php?sitemap=$matches[1]&paged=$matches[2]\";s:47:\"category/(.+?)/feed/(feed|rdf|rss|rss2|atom)/?$\";s:52:\"index.php?category_name=$matches[1]&feed=$matches[2]\";s:42:\"category/(.+?)/(feed|rdf|rss|rss2|atom)/?$\";s:52:\"index.php?category_name=$matches[1]&feed=$matches[2]\";s:23:\"category/(.+?)/embed/?$\";s:46:\"index.php?category_name=$matches[1]&embed=true\";s:35:\"category/(.+?)/page/?([0-9]{1,})/?$\";s:53:\"index.php?category_name=$matches[1]&paged=$matches[2]\";s:17:\"category/(.+?)/?$\";s:35:\"index.php?category_name=$matches[1]\";s:44:\"tag/([^/]+)/feed/(feed|rdf|rss|rss2|atom)/?$\";s:42:\"index.php?tag=$matches[1]&feed=$matches[2]\";s:39:\"tag/([^/]+)/(feed|rdf|rss|rss2|atom)/?$\";s:42:\"index.php?tag=$matches[1]&feed=$matches[2]\";s:20:\"tag/([^/]+)/embed/?$\";s:36:\"index.php?tag=$matches[1]&embed=true\";s:32:\"tag/([^/]+)/page/?([0-9]{1,})/?$\";s:43:\"index.php?tag=$matches[1]&paged=$matches[2]\";s:14:\"tag/([^/]+)/?$\";s:25:\"index.php?tag=$matches[1]\";s:45:\"type/([^/]+)/feed/(feed|rdf|rss|rss2|atom)/?$\";s:50:\"index.php?post_format=$matches[1]&feed=$matches[2]\";s:40:\"type/([^/]+)/(feed|rdf|rss|rss2|atom)/?$\";s:50:\"index.php?post_format=$matches[1]&feed=$matches[2]\";s:21:\"type/([^/]+)/embed/?$\";s:44:\"index.php?post_format=$matches[1]&embed=true\";s:33:\"type/([^/]+)/page/?([0-9]{1,})/?$\";s:51:\"index.php?post_format=$matches[1]&paged=$matches[2]\";s:15:\"type/([^/]+)/?$\";s:33:\"index.php?post_format=$matches[1]\";s:48:\".*wp-(atom|rdf|rss|rss2|feed|commentsrss2)\\.php$\";s:18:\"index.php?feed=old\";s:20:\".*wp-app\\.php(/.*)?$\";s:19:\"index.php?error=403\";s:18:\".*wp-register.php$\";s:23:\"index.php?register=true\";s:32:\"feed/(feed|rdf|rss|rss2|atom)/?$\";s:27:\"index.php?&feed=$matches[1]\";s:27:\"(feed|rdf|rss|rss2|atom)/?$\";s:27:\"index.php?&feed=$matches[1]\";s:8:\"embed/?$\";s:21:\"index.php?&embed=true\";s:20:\"page/?([0-9]{1,})/?$\";s:28:\"index.php?&paged=$matches[1]\";s:41:\"comments/feed/(feed|rdf|rss|rss2|atom)/?$\";s:42:\"index.php?&feed=$matches[1]&withcomments=1\";s:36:\"comments/(feed|rdf|rss|rss2|atom)/?$\";s:42:\"index.php?&feed=$matches[1]&withcomments=1\";s:17:\"comments/embed/?$\";s:21:\"index.php?&embed=true\";s:44:\"search/(.+)/feed/(feed|rdf|rss|rss2|atom)/?$\";s:40:\"index.php?s=$matches[1]&feed=$matches[2]\";s:39:\"search/(.+)/(feed|rdf|rss|rss2|atom)/?$\";s:40:\"index.php?s=$matches[1]&feed=$matches[2]\";s:20:\"search/(.+)/embed/?$\";s:34:\"index.php?s=$matches[1]&embed=true\";s:32:\"search/(.+)/page/?([0-9]{1,})/?$\";s:41:\"index.php?s=$matches[1]&paged=$matches[2]\";s:14:\"search/(.+)/?$\";s:23:\"index.php?s=$matches[1]\";s:47:\"author/([^/]+)/feed/(feed|rdf|rss|rss2|atom)/?$\";s:50:\"index.php?author_name=$matches[1]&feed=$matches[2]\";s:42:\"author/([^/]+)/(feed|rdf|rss|rss2|atom)/?$\";s:50:\"index.php?author_name=$matches[1]&feed=$matches[2]\";s:23:\"author/([^/]+)/embed/?$\";s:44:\"index.php?author_name=$matches[1]&embed=true\";s:35:\"author/([^/]+)/page/?([0-9]{1,})/?$\";s:51:\"index.php?author_name=$matches[1]&paged=$matches[2]\";s:17:\"author/([^/]+)/?$\";s:33:\"index.php?author_name=$matches[1]\";s:69:\"([0-9]{4})/([0-9]{1,2})/([0-9]{1,2})/feed/(feed|rdf|rss|rss2|atom)/?$\";s:80:\"index.php?year=$matches[1]&monthnum=$matches[2]&day=$matches[3]&feed=$matches[4]\";s:64:\"([0-9]{4})/([0-9]{1,2})/([0-9]{1,2})/(feed|rdf|rss|rss2|atom)/?$\";s:80:\"index.php?year=$matches[1]&monthnum=$matches[2]&day=$matches[3]&feed=$matches[4]\";s:45:\"([0-9]{4})/([0-9]{1,2})/([0-9]{1,2})/embed/?$\";s:74:\"index.php?year=$matches[1]&monthnum=$matches[2]&day=$matches[3]&embed=true\";s:57:\"([0-9]{4})/([0-9]{1,2})/([0-9]{1,2})/page/?([0-9]{1,})/?$\";s:81:\"index.php?year=$matches[1]&monthnum=$matches[2]&day=$matches[3]&paged=$matches[4]\";s:39:\"([0-9]{4})/([0-9]{1,2})/([0-9]{1,2})/?$\";s:63:\"index.php?year=$matches[1]&monthnum=$matches[2]&day=$matches[3]\";s:56:\"([0-9]{4})/([0-9]{1,2})/feed/(feed|rdf|rss|rss2|atom)/?$\";s:64:\"index.php?year=$matches[1]&monthnum=$matches[2]&feed=$matches[3]\";s:51:\"([0-9]{4})/([0-9]{1,2})/(feed|rdf|rss|rss2|atom)/?$\";s:64:\"index.php?year=$matches[1]&monthnum=$matches[2]&feed=$matches[3]\";s:32:\"([0-9]{4})/([0-9]{1,2})/embed/?$\";s:58:\"index.php?year=$matches[1]&monthnum=$matches[2]&embed=true\";s:44:\"([0-9]{4})/([0-9]{1,2})/page/?([0-9]{1,})/?$\";s:65:\"index.php?year=$matches[1]&monthnum=$matches[2]&paged=$matches[3]\";s:26:\"([0-9]{4})/([0-9]{1,2})/?$\";s:47:\"index.php?year=$matches[1]&monthnum=$matches[2]\";s:43:\"([0-9]{4})/feed/(feed|rdf|rss|rss2|atom)/?$\";s:43:\"index.php?year=$matches[1]&feed=$matches[2]\";s:38:\"([0-9]{4})/(feed|rdf|rss|rss2|atom)/?$\";s:43:\"index.php?year=$matches[1]&feed=$matches[2]\";s:19:\"([0-9]{4})/embed/?$\";s:37:\"index.php?year=$matches[1]&embed=true\";s:31:\"([0-9]{4})/page/?([0-9]{1,})/?$\";s:44:\"index.php?year=$matches[1]&paged=$matches[2]\";s:13:\"([0-9]{4})/?$\";s:26:\"index.php?year=$matches[1]\";s:58:\"[0-9]{4}/[0-9]{1,2}/[0-9]{1,2}/[^/]+/attachment/([^/]+)/?$\";s:32:\"index.php?attachment=$matches[1]\";s:68:\"[0-9]{4}/[0-9]{1,2}/[0-9]{1,2}/[^/]+/attachment/([^/]+)/trackback/?$\";s:37:\"index.php?attachment=$matches[1]&tb=1\";s:88:\"[0-9]{4}/[0-9]{1,2}/[0-9]{1,2}/[^/]+/attachment/([^/]+)/feed/(feed|rdf|rss|rss2|atom)/?$\";s:49:\"index.php?attachment=$matches[1]&feed=$matches[2]\";s:83:\"[0-9]{4}/[0-9]{1,2}/[0-9]{1,2}/[^/]+/attachment/([^/]+)/(feed|rdf|rss|rss2|atom)/?$\";s:49:\"index.php?attachment=$matches[1]&feed=$matches[2]\";s:83:\"[0-9]{4}/[0-9]{1,2}/[0-9]{1,2}/[^/]+/attachment/([^/]+)/comment-page-([0-9]{1,})/?$\";s:50:\"index.php?attachment=$matches[1]&cpage=$matches[2]\";s:64:\"[0-9]{4}/[0-9]{1,2}/[0-9]{1,2}/[^/]+/attachment/([^/]+)/embed/?$\";s:43:\"index.php?attachment=$matches[1]&embed=true\";s:53:\"([0-9]{4})/([0-9]{1,2})/([0-9]{1,2})/([^/]+)/embed/?$\";s:91:\"index.php?year=$matches[1]&monthnum=$matches[2]&day=$matches[3]&name=$matches[4]&embed=true\";s:57:\"([0-9]{4})/([0-9]{1,2})/([0-9]{1,2})/([^/]+)/trackback/?$\";s:85:\"index.php?year=$matches[1]&monthnum=$matches[2]&day=$matches[3]&name=$matches[4]&tb=1\";s:77:\"([0-9]{4})/([0-9]{1,2})/([0-9]{1,2})/([^/]+)/feed/(feed|rdf|rss|rss2|atom)/?$\";s:97:\"index.php?year=$matches[1]&monthnum=$matches[2]&day=$matches[3]&name=$matches[4]&feed=$matches[5]\";s:72:\"([0-9]{4})/([0-9]{1,2})/([0-9]{1,2})/([^/]+)/(feed|rdf|rss|rss2|atom)/?$\";s:97:\"index.php?year=$matches[1]&monthnum=$matches[2]&day=$matches[3]&name=$matches[4]&feed=$matches[5]\";s:65:\"([0-9]{4})/([0-9]{1,2})/([0-9]{1,2})/([^/]+)/page/?([0-9]{1,})/?$\";s:98:\"index.php?year=$matches[1]&monthnum=$matches[2]&day=$matches[3]&name=$matches[4]&paged=$matches[5]\";s:72:\"([0-9]{4})/([0-9]{1,2})/([0-9]{1,2})/([^/]+)/comment-page-([0-9]{1,})/?$\";s:98:\"index.php?year=$matches[1]&monthnum=$matches[2]&day=$matches[3]&name=$matches[4]&cpage=$matches[5]\";s:61:\"([0-9]{4})/([0-9]{1,2})/([0-9]{1,2})/([^/]+)(?:/([0-9]+))?/?$\";s:97:\"index.php?year=$matches[1]&monthnum=$matches[2]&day=$matches[3]&name=$matches[4]&page=$matches[5]\";s:47:\"[0-9]{4}/[0-9]{1,2}/[0-9]{1,2}/[^/]+/([^/]+)/?$\";s:32:\"index.php?attachment=$matches[1]\";s:57:\"[0-9]{4}/[0-9]{1,2}/[0-9]{1,2}/[^/]+/([^/]+)/trackback/?$\";s:37:\"index.php?attachment=$matches[1]&tb=1\";s:77:\"[0-9]{4}/[0-9]{1,2}/[0-9]{1,2}/[^/]+/([^/]+)/feed/(feed|rdf|rss|rss2|atom)/?$\";s:49:\"index.php?attachment=$matches[1]&feed=$matches[2]\";s:72:\"[0-9]{4}/[0-9]{1,2}/[0-9]{1,2}/[^/]+/([^/]+)/(feed|rdf|rss|rss2|atom)/?$\";s:49:\"index.php?attachment=$matches[1]&feed=$matches[2]\";s:72:\"[0-9]{4}/[0-9]{1,2}/[0-9]{1,2}/[^/]+/([^/]+)/comment-page-([0-9]{1,})/?$\";s:50:\"index.php?attachment=$matches[1]&cpage=$matches[2]\";s:53:\"[0-9]{4}/[0-9]{1,2}/[0-9]{1,2}/[^/]+/([^/]+)/embed/?$\";s:43:\"index.php?attachment=$matches[1]&embed=true\";s:64:\"([0-9]{4})/([0-9]{1,2})/([0-9]{1,2})/comment-page-([0-9]{1,})/?$\";s:81:\"index.php?year=$matches[1]&monthnum=$matches[2]&day=$matches[3]&cpage=$matches[4]\";s:51:\"([0-9]{4})/([0-9]{1,2})/comment-page-([0-9]{1,})/?$\";s:65:\"index.php?year=$matches[1]&monthnum=$matches[2]&cpage=$matches[3]\";s:38:\"([0-9]{4})/comment-page-([0-9]{1,})/?$\";s:44:\"index.php?year=$matches[1]&cpage=$matches[2]\";s:27:\".?.+?/attachment/([^/]+)/?$\";s:32:\"index.php?attachment=$matches[1]\";s:37:\".?.+?/attachment/([^/]+)/trackback/?$\";s:37:\"index.php?attachment=$matches[1]&tb=1\";s:57:\".?.+?/attachment/([^/]+)/feed/(feed|rdf|rss|rss2|atom)/?$\";s:49:\"index.php?attachment=$matches[1]&feed=$matches[2]\";s:52:\".?.+?/attachment/([^/]+)/(feed|rdf|rss|rss2|atom)/?$\";s:49:\"index.php?attachment=$matches[1]&feed=$matches[2]\";s:52:\".?.+?/attachment/([^/]+)/comment-page-([0-9]{1,})/?$\";s:50:\"index.php?attachment=$matches[1]&cpage=$matches[2]\";s:33:\".?.+?/attachment/([^/]+)/embed/?$\";s:43:\"index.php?attachment=$matches[1]&embed=true\";s:16:\"(.?.+?)/embed/?$\";s:41:\"index.php?pagename=$matches[1]&embed=true\";s:20:\"(.?.+?)/trackback/?$\";s:35:\"index.php?pagename=$matches[1]&tb=1\";s:40:\"(.?.+?)/feed/(feed|rdf|rss|rss2|atom)/?$\";s:47:\"index.php?pagename=$matches[1]&feed=$matches[2]\";s:35:\"(.?.+?)/(feed|rdf|rss|rss2|atom)/?$\";s:47:\"index.php?pagename=$matches[1]&feed=$matches[2]\";s:28:\"(.?.+?)/page/?([0-9]{1,})/?$\";s:48:\"index.php?pagename=$matches[1]&paged=$matches[2]\";s:35:\"(.?.+?)/comment-page-([0-9]{1,})/?$\";s:48:\"index.php?pagename=$matches[1]&cpage=$matches[2]\";s:24:\"(.?.+?)(?:/([0-9]+))?/?$\";s:47:\"index.php?pagename=$matches[1]&page=$matches[2]\";}', 'yes'),
(30, 'hack_file', '0', 'yes'),
(31, 'blog_charset', 'UTF-8', 'yes'),
(32, 'moderation_keys', '', 'no'),
(33, 'active_plugins', 'a:0:{}', 'yes'),
(34, 'category_base', '', 'yes'),
(35, 'ping_sites', 'http://rpc.pingomatic.com/', 'yes'),
(36, 'comment_max_links', '2', 'yes'),
(37, 'gmt_offset', '0', 'yes'),
(38, 'default_email_category', '1', 'yes'),
(39, 'recently_edited', '', 'no'),
(40, 'template', 'twentytwentyone', 'yes'),
(41, 'stylesheet', 'twentytwentyone', 'yes'),
(42, 'comment_registration', '0', 'yes'),
(43, 'html_type', 'text/html', 'yes'),
(44, 'use_trackback', '0', 'yes'),
(45, 'default_role', 'subscriber', 'yes'),
(46, 'db_version', '55853', 'yes'),
(47, 'uploads_use_yearmonth_folders', '1', 'yes'),
(48, 'upload_path', '', 'yes'),
(49, 'blog_public', '1', 'yes'),
(50, 'default_link_category', '2', 'yes'),
(51, 'show_on_front', 'posts', 'yes'),
(52, 'tag_base', '', 'yes'),
(53, 'show_avatars', '1', 'yes'),
(54, 'avatar_rating', 'G', 'yes'),
(55, 'upload_url_path', '', 'yes'),
(56, 'thumbnail_size_w', '150', 'yes'),
(57, 'thumbnail_size_h', '150', 'yes'),
(58, 'thumbnail_crop', '1', 'yes'),
(59, 'medium_size_w', '300', 'yes'),
(60, 'medium_size_h', '300', 'yes'),
(61, 'avatar_default', 'mystery', 'yes'),
(62, 'large_size_w', '1024', 'yes'),
(63, 'large_size_h', '1024', 'yes'),
(64, 'image_default_link_type', 'none', 'yes'),
(65, 'image_default_size', '', 'yes'),
(66, 'image_default_align', '', 'yes'),
(67, 'close_comments_for_old_posts', '0', 'yes'),
(68, 'close_comments_days_old', '14', 'yes'),
(69, 'thread_comments', '1', 'yes'),
(70, 'thread_comments_depth', '5', 'yes'),
(71, 'page_comments', '0', 'yes'),
(72, 'comments_per_page', '50', 'yes'),
(73, 'default_comments_page', 'newest', 'yes'),
(74, 'comment_order', 'asc', 'yes'),
(75, 'sticky_posts', 'a:0:{}', 'yes'),
(76, 'widget_categories', 'a:2:{i:1;a:0:{}s:12:\"_multiwidget\";i:1;}', 'yes'),
(77, 'widget_text', 'a:2:{i:1;a:0:{}s:12:\"_multiwidget\";i:1;}', 'yes'),
(78, 'widget_rss', 'a:2:{i:1;a:0:{}s:12:\"_multiwidget\";i:1;}', 'yes'),
(79, 'uninstall_plugins', 'a:0:{}', 'no'),
(80, 'timezone_string', '', 'yes'),
(81, 'page_for_posts', '0', 'yes'),
(82, 'page_on_front', '0', 'yes'),
(83, 'default_post_format', '0', 'yes'),
(84, 'link_manager_enabled', '0', 'yes'),
(85, 'finished_splitting_shared_terms', '1', 'yes'),
(86, 'site_icon', '0', 'yes'),
(87, 'medium_large_size_w', '768', 'yes'),
(88, 'medium_large_size_h', '0', 'yes'),
(89, 'wp_page_for_privacy_policy', '3', 'yes'),
(90, 'show_comments_cookies_opt_in', '1', 'yes'),
(91, 'admin_email_lifespan', '1713153400', 'yes'),
(92, 'disallowed_keys', '', 'no'),
(93, 'comment_previously_approved', '1', 'yes'),
(94, 'auto_plugin_theme_update_emails', 'a:0:{}', 'no'),
(95, 'auto_update_core_dev', 'enabled', 'yes'),
(96, 'auto_update_core_minor', 'enabled', 'yes'),
(97, 'auto_update_core_major', 'enabled', 'yes'),
(98, 'wp_force_deactivated_plugins', 'a:0:{}', 'yes'),
(99, 'initial_db_version', '55853', 'yes'),
(100, 'wp_v613user_roles', 'a:5:{s:13:\"administrator\";a:2:{s:4:\"name\";s:13:\"Administrator\";s:12:\"capabilities\";a:61:{s:13:\"switch_themes\";b:1;s:11:\"edit_themes\";b:1;s:16:\"activate_plugins\";b:1;s:12:\"edit_plugins\";b:1;s:10:\"edit_users\";b:1;s:10:\"edit_files\";b:1;s:14:\"manage_options\";b:1;s:17:\"moderate_comments\";b:1;s:17:\"manage_categories\";b:1;s:12:\"manage_links\";b:1;s:12:\"upload_files\";b:1;s:6:\"import\";b:1;s:15:\"unfiltered_html\";b:1;s:10:\"edit_posts\";b:1;s:17:\"edit_others_posts\";b:1;s:20:\"edit_published_posts\";b:1;s:13:\"publish_posts\";b:1;s:10:\"edit_pages\";b:1;s:4:\"read\";b:1;s:8:\"level_10\";b:1;s:7:\"level_9\";b:1;s:7:\"level_8\";b:1;s:7:\"level_7\";b:1;s:7:\"level_6\";b:1;s:7:\"level_5\";b:1;s:7:\"level_4\";b:1;s:7:\"level_3\";b:1;s:7:\"level_2\";b:1;s:7:\"level_1\";b:1;s:7:\"level_0\";b:1;s:17:\"edit_others_pages\";b:1;s:20:\"edit_published_pages\";b:1;s:13:\"publish_pages\";b:1;s:12:\"delete_pages\";b:1;s:19:\"delete_others_pages\";b:1;s:22:\"delete_published_pages\";b:1;s:12:\"delete_posts\";b:1;s:19:\"delete_others_posts\";b:1;s:22:\"delete_published_posts\";b:1;s:20:\"delete_private_posts\";b:1;s:18:\"edit_private_posts\";b:1;s:18:\"read_private_posts\";b:1;s:20:\"delete_private_pages\";b:1;s:18:\"edit_private_pages\";b:1;s:18:\"read_private_pages\";b:1;s:12:\"delete_users\";b:1;s:12:\"create_users\";b:1;s:17:\"unfiltered_upload\";b:1;s:14:\"edit_dashboard\";b:1;s:14:\"update_plugins\";b:1;s:14:\"delete_plugins\";b:1;s:15:\"install_plugins\";b:1;s:13:\"update_themes\";b:1;s:14:\"install_themes\";b:1;s:11:\"update_core\";b:1;s:10:\"list_users\";b:1;s:12:\"remove_users\";b:1;s:13:\"promote_users\";b:1;s:18:\"edit_theme_options\";b:1;s:13:\"delete_themes\";b:1;s:6:\"export\";b:1;}}s:6:\"editor\";a:2:{s:4:\"name\";s:6:\"Editor\";s:12:\"capabilities\";a:34:{s:17:\"moderate_comments\";b:1;s:17:\"manage_categories\";b:1;s:12:\"manage_links\";b:1;s:12:\"upload_files\";b:1;s:15:\"unfiltered_html\";b:1;s:10:\"edit_posts\";b:1;s:17:\"edit_others_posts\";b:1;s:20:\"edit_published_posts\";b:1;s:13:\"publish_posts\";b:1;s:10:\"edit_pages\";b:1;s:4:\"read\";b:1;s:7:\"level_7\";b:1;s:7:\"level_6\";b:1;s:7:\"level_5\";b:1;s:7:\"level_4\";b:1;s:7:\"level_3\";b:1;s:7:\"level_2\";b:1;s:7:\"level_1\";b:1;s:7:\"level_0\";b:1;s:17:\"edit_others_pages\";b:1;s:20:\"edit_published_pages\";b:1;s:13:\"publish_pages\";b:1;s:12:\"delete_pages\";b:1;s:19:\"delete_others_pages\";b:1;s:22:\"delete_published_pages\";b:1;s:12:\"delete_posts\";b:1;s:19:\"delete_others_posts\";b:1;s:22:\"delete_published_posts\";b:1;s:20:\"delete_private_posts\";b:1;s:18:\"edit_private_posts\";b:1;s:18:\"read_private_posts\";b:1;s:20:\"delete_private_pages\";b:1;s:18:\"edit_private_pages\";b:1;s:18:\"read_private_pages\";b:1;}}s:6:\"author\";a:2:{s:4:\"name\";s:6:\"Author\";s:12:\"capabilities\";a:10:{s:12:\"upload_files\";b:1;s:10:\"edit_posts\";b:1;s:20:\"edit_published_posts\";b:1;s:13:\"publish_posts\";b:1;s:4:\"read\";b:1;s:7:\"level_2\";b:1;s:7:\"level_1\";b:1;s:7:\"level_0\";b:1;s:12:\"delete_posts\";b:1;s:22:\"delete_published_posts\";b:1;}}s:11:\"contributor\";a:2:{s:4:\"name\";s:11:\"Contributor\";s:12:\"capabilities\";a:5:{s:10:\"edit_posts\";b:1;s:4:\"read\";b:1;s:7:\"level_1\";b:1;s:7:\"level_0\";b:1;s:12:\"delete_posts\";b:1;}}s:10:\"subscriber\";a:2:{s:4:\"name\";s:10:\"Subscriber\";s:12:\"capabilities\";a:2:{s:4:\"read\";b:1;s:7:\"level_0\";b:1;}}}', 'yes'),
(101, 'fresh_site', '0', 'yes'),
(102, 'widget_pages', 'a:1:{s:12:\"_multiwidget\";i:1;}', 'yes'),
(103, 'widget_calendar', 'a:1:{s:12:\"_multiwidget\";i:1;}', 'yes'),
(104, 'widget_archives', 'a:1:{s:12:\"_multiwidget\";i:1;}', 'yes'),
(105, 'widget_media_audio', 'a:1:{s:12:\"_multiwidget\";i:1;}', 'yes'),
(106, 'widget_media_image', 'a:1:{s:12:\"_multiwidget\";i:1;}', 'yes'),
(107, 'widget_media_gallery', 'a:1:{s:12:\"_multiwidget\";i:1;}', 'yes'),
(108, 'widget_media_video', 'a:1:{s:12:\"_multiwidget\";i:1;}', 'yes'),
(109, 'widget_meta', 'a:1:{s:12:\"_multiwidget\";i:1;}', 'yes'),
(110, 'widget_search', 'a:1:{s:12:\"_multiwidget\";i:1;}', 'yes'),
(111, 'user_count', '4', 'no'),
(112, 'widget_recent-posts', 'a:1:{s:12:\"_multiwidget\";i:1;}', 'yes'),
(113, 'widget_recent-comments', 'a:1:{s:12:\"_multiwidget\";i:1;}', 'yes'),
(114, 'widget_tag_cloud', 'a:1:{s:12:\"_multiwidget\";i:1;}', 'yes'),
(115, 'widget_nav_menu', 'a:1:{s:12:\"_multiwidget\";i:1;}', 'yes'),
(116, 'widget_custom_html', 'a:1:{s:12:\"_multiwidget\";i:1;}', 'yes'),
(117, 'widget_block', 'a:6:{i:2;a:1:{s:7:\"content\";s:19:\"<!-- wp:search /-->\";}i:3;a:1:{s:7:\"content\";s:154:\"<!-- wp:group --><div class=\"wp-block-group\"><!-- wp:heading --><h2>Recent Posts</h2><!-- /wp:heading --><!-- wp:latest-posts /--></div><!-- /wp:group -->\";}i:4;a:1:{s:7:\"content\";s:227:\"<!-- wp:group --><div class=\"wp-block-group\"><!-- wp:heading --><h2>Recent Comments</h2><!-- /wp:heading --><!-- wp:latest-comments {\"displayAvatar\":false,\"displayDate\":false,\"displayExcerpt\":false} /--></div><!-- /wp:group -->\";}i:5;a:1:{s:7:\"content\";s:146:\"<!-- wp:group --><div class=\"wp-block-group\"><!-- wp:heading --><h2>Archives</h2><!-- /wp:heading --><!-- wp:archives /--></div><!-- /wp:group -->\";}i:6;a:1:{s:7:\"content\";s:150:\"<!-- wp:group --><div class=\"wp-block-group\"><!-- wp:heading --><h2>Categories</h2><!-- /wp:heading --><!-- wp:categories /--></div><!-- /wp:group -->\";}s:12:\"_multiwidget\";i:1;}', 'yes'),
(118, 'sidebars_widgets', 'a:3:{s:19:\"wp_inactive_widgets\";a:0:{}s:9:\"sidebar-1\";a:5:{i:0;s:7:\"block-2\";i:1;s:7:\"block-3\";i:2;s:7:\"block-4\";i:3;s:7:\"block-5\";i:4;s:7:\"block-6\";}s:13:\"array_version\";i:3;}', 'yes'),
(119, 'cron', 'a:7:{i:1697993800;a:1:{s:34:\"wp_privacy_delete_old_export_files\";a:1:{s:32:\"40cd750bba9870f18aada2478b24840a\";a:3:{s:8:\"schedule\";s:6:\"hourly\";s:4:\"args\";a:0:{}s:8:\"interval\";i:3600;}}}i:1698033400;a:5:{s:18:\"wp_https_detection\";a:1:{s:32:\"40cd750bba9870f18aada2478b24840a\";a:3:{s:8:\"schedule\";s:10:\"twicedaily\";s:4:\"args\";a:0:{}s:8:\"interval\";i:43200;}}s:16:\"wp_version_check\";a:1:{s:32:\"40cd750bba9870f18aada2478b24840a\";a:3:{s:8:\"schedule\";s:10:\"twicedaily\";s:4:\"args\";a:0:{}s:8:\"interval\";i:43200;}}s:17:\"wp_update_plugins\";a:1:{s:32:\"40cd750bba9870f18aada2478b24840a\";a:3:{s:8:\"schedule\";s:10:\"twicedaily\";s:4:\"args\";a:0:{}s:8:\"interval\";i:43200;}}s:16:\"wp_update_themes\";a:1:{s:32:\"40cd750bba9870f18aada2478b24840a\";a:3:{s:8:\"schedule\";s:10:\"twicedaily\";s:4:\"args\";a:0:{}s:8:\"interval\";i:43200;}}s:32:\"recovery_mode_clean_expired_keys\";a:1:{s:32:\"40cd750bba9870f18aada2478b24840a\";a:3:{s:8:\"schedule\";s:5:\"daily\";s:4:\"args\";a:0:{}s:8:\"interval\";i:86400;}}}i:1698033412;a:3:{s:21:\"wp_update_user_counts\";a:1:{s:32:\"40cd750bba9870f18aada2478b24840a\";a:3:{s:8:\"schedule\";s:10:\"twicedaily\";s:4:\"args\";a:0:{}s:8:\"interval\";i:43200;}}s:19:\"wp_scheduled_delete\";a:1:{s:32:\"40cd750bba9870f18aada2478b24840a\";a:3:{s:8:\"schedule\";s:5:\"daily\";s:4:\"args\";a:0:{}s:8:\"interval\";i:86400;}}s:25:\"delete_expired_transients\";a:1:{s:32:\"40cd750bba9870f18aada2478b24840a\";a:3:{s:8:\"schedule\";s:5:\"daily\";s:4:\"args\";a:0:{}s:8:\"interval\";i:86400;}}}i:1698033413;a:1:{s:30:\"wp_scheduled_auto_draft_delete\";a:1:{s:32:\"40cd750bba9870f18aada2478b24840a\";a:3:{s:8:\"schedule\";s:5:\"daily\";s:4:\"args\";a:0:{}s:8:\"interval\";i:86400;}}}i:1698244304;a:1:{s:30:\"wp_delete_temp_updater_backups\";a:1:{s:32:\"40cd750bba9870f18aada2478b24840a\";a:3:{s:8:\"schedule\";s:6:\"weekly\";s:4:\"args\";a:0:{}s:8:\"interval\";i:604800;}}}i:1698292600;a:1:{s:30:\"wp_site_health_scheduled_check\";a:1:{s:32:\"40cd750bba9870f18aada2478b24840a\";a:3:{s:8:\"schedule\";s:6:\"weekly\";s:4:\"args\";a:0:{}s:8:\"interval\";i:604800;}}}s:7:\"version\";i:2;}', 'yes'),
(120, '_transient_wp_core_block_css_files', 'a:2:{s:7:\"version\";s:5:\"6.3.2\";s:5:\"files\";a:496:{i:0;s:23:\"archives/editor-rtl.css\";i:1;s:27:\"archives/editor-rtl.min.css\";i:2;s:19:\"archives/editor.css\";i:3;s:23:\"archives/editor.min.css\";i:4;s:22:\"archives/style-rtl.css\";i:5;s:26:\"archives/style-rtl.min.css\";i:6;s:18:\"archives/style.css\";i:7;s:22:\"archives/style.min.css\";i:8;s:20:\"audio/editor-rtl.css\";i:9;s:24:\"audio/editor-rtl.min.css\";i:10;s:16:\"audio/editor.css\";i:11;s:20:\"audio/editor.min.css\";i:12;s:19:\"audio/style-rtl.css\";i:13;s:23:\"audio/style-rtl.min.css\";i:14;s:15:\"audio/style.css\";i:15;s:19:\"audio/style.min.css\";i:16;s:19:\"audio/theme-rtl.css\";i:17;s:23:\"audio/theme-rtl.min.css\";i:18;s:15:\"audio/theme.css\";i:19;s:19:\"audio/theme.min.css\";i:20;s:21:\"avatar/editor-rtl.css\";i:21;s:25:\"avatar/editor-rtl.min.css\";i:22;s:17:\"avatar/editor.css\";i:23;s:21:\"avatar/editor.min.css\";i:24;s:20:\"avatar/style-rtl.css\";i:25;s:24:\"avatar/style-rtl.min.css\";i:26;s:16:\"avatar/style.css\";i:27;s:20:\"avatar/style.min.css\";i:28;s:20:\"block/editor-rtl.css\";i:29;s:24:\"block/editor-rtl.min.css\";i:30;s:16:\"block/editor.css\";i:31;s:20:\"block/editor.min.css\";i:32;s:21:\"button/editor-rtl.css\";i:33;s:25:\"button/editor-rtl.min.css\";i:34;s:17:\"button/editor.css\";i:35;s:21:\"button/editor.min.css\";i:36;s:20:\"button/style-rtl.css\";i:37;s:24:\"button/style-rtl.min.css\";i:38;s:16:\"button/style.css\";i:39;s:20:\"button/style.min.css\";i:40;s:22:\"buttons/editor-rtl.css\";i:41;s:26:\"buttons/editor-rtl.min.css\";i:42;s:18:\"buttons/editor.css\";i:43;s:22:\"buttons/editor.min.css\";i:44;s:21:\"buttons/style-rtl.css\";i:45;s:25:\"buttons/style-rtl.min.css\";i:46;s:17:\"buttons/style.css\";i:47;s:21:\"buttons/style.min.css\";i:48;s:22:\"calendar/style-rtl.css\";i:49;s:26:\"calendar/style-rtl.min.css\";i:50;s:18:\"calendar/style.css\";i:51;s:22:\"calendar/style.min.css\";i:52;s:25:\"categories/editor-rtl.css\";i:53;s:29:\"categories/editor-rtl.min.css\";i:54;s:21:\"categories/editor.css\";i:55;s:25:\"categories/editor.min.css\";i:56;s:24:\"categories/style-rtl.css\";i:57;s:28:\"categories/style-rtl.min.css\";i:58;s:20:\"categories/style.css\";i:59;s:24:\"categories/style.min.css\";i:60;s:19:\"code/editor-rtl.css\";i:61;s:23:\"code/editor-rtl.min.css\";i:62;s:15:\"code/editor.css\";i:63;s:19:\"code/editor.min.css\";i:64;s:18:\"code/style-rtl.css\";i:65;s:22:\"code/style-rtl.min.css\";i:66;s:14:\"code/style.css\";i:67;s:18:\"code/style.min.css\";i:68;s:18:\"code/theme-rtl.css\";i:69;s:22:\"code/theme-rtl.min.css\";i:70;s:14:\"code/theme.css\";i:71;s:18:\"code/theme.min.css\";i:72;s:22:\"columns/editor-rtl.css\";i:73;s:26:\"columns/editor-rtl.min.css\";i:74;s:18:\"columns/editor.css\";i:75;s:22:\"columns/editor.min.css\";i:76;s:21:\"columns/style-rtl.css\";i:77;s:25:\"columns/style-rtl.min.css\";i:78;s:17:\"columns/style.css\";i:79;s:21:\"columns/style.min.css\";i:80;s:29:\"comment-content/style-rtl.css\";i:81;s:33:\"comment-content/style-rtl.min.css\";i:82;s:25:\"comment-content/style.css\";i:83;s:29:\"comment-content/style.min.css\";i:84;s:30:\"comment-template/style-rtl.css\";i:85;s:34:\"comment-template/style-rtl.min.css\";i:86;s:26:\"comment-template/style.css\";i:87;s:30:\"comment-template/style.min.css\";i:88;s:42:\"comments-pagination-numbers/editor-rtl.css\";i:89;s:46:\"comments-pagination-numbers/editor-rtl.min.css\";i:90;s:38:\"comments-pagination-numbers/editor.css\";i:91;s:42:\"comments-pagination-numbers/editor.min.css\";i:92;s:34:\"comments-pagination/editor-rtl.css\";i:93;s:38:\"comments-pagination/editor-rtl.min.css\";i:94;s:30:\"comments-pagination/editor.css\";i:95;s:34:\"comments-pagination/editor.min.css\";i:96;s:33:\"comments-pagination/style-rtl.css\";i:97;s:37:\"comments-pagination/style-rtl.min.css\";i:98;s:29:\"comments-pagination/style.css\";i:99;s:33:\"comments-pagination/style.min.css\";i:100;s:29:\"comments-title/editor-rtl.css\";i:101;s:33:\"comments-title/editor-rtl.min.css\";i:102;s:25:\"comments-title/editor.css\";i:103;s:29:\"comments-title/editor.min.css\";i:104;s:23:\"comments/editor-rtl.css\";i:105;s:27:\"comments/editor-rtl.min.css\";i:106;s:19:\"comments/editor.css\";i:107;s:23:\"comments/editor.min.css\";i:108;s:22:\"comments/style-rtl.css\";i:109;s:26:\"comments/style-rtl.min.css\";i:110;s:18:\"comments/style.css\";i:111;s:22:\"comments/style.min.css\";i:112;s:20:\"cover/editor-rtl.css\";i:113;s:24:\"cover/editor-rtl.min.css\";i:114;s:16:\"cover/editor.css\";i:115;s:20:\"cover/editor.min.css\";i:116;s:19:\"cover/style-rtl.css\";i:117;s:23:\"cover/style-rtl.min.css\";i:118;s:15:\"cover/style.css\";i:119;s:19:\"cover/style.min.css\";i:120;s:22:\"details/editor-rtl.css\";i:121;s:26:\"details/editor-rtl.min.css\";i:122;s:18:\"details/editor.css\";i:123;s:22:\"details/editor.min.css\";i:124;s:21:\"details/style-rtl.css\";i:125;s:25:\"details/style-rtl.min.css\";i:126;s:17:\"details/style.css\";i:127;s:21:\"details/style.min.css\";i:128;s:20:\"embed/editor-rtl.css\";i:129;s:24:\"embed/editor-rtl.min.css\";i:130;s:16:\"embed/editor.css\";i:131;s:20:\"embed/editor.min.css\";i:132;s:19:\"embed/style-rtl.css\";i:133;s:23:\"embed/style-rtl.min.css\";i:134;s:15:\"embed/style.css\";i:135;s:19:\"embed/style.min.css\";i:136;s:19:\"embed/theme-rtl.css\";i:137;s:23:\"embed/theme-rtl.min.css\";i:138;s:15:\"embed/theme.css\";i:139;s:19:\"embed/theme.min.css\";i:140;s:19:\"file/editor-rtl.css\";i:141;s:23:\"file/editor-rtl.min.css\";i:142;s:15:\"file/editor.css\";i:143;s:19:\"file/editor.min.css\";i:144;s:18:\"file/style-rtl.css\";i:145;s:22:\"file/style-rtl.min.css\";i:146;s:14:\"file/style.css\";i:147;s:18:\"file/style.min.css\";i:148;s:23:\"footnotes/style-rtl.css\";i:149;s:27:\"footnotes/style-rtl.min.css\";i:150;s:19:\"footnotes/style.css\";i:151;s:23:\"footnotes/style.min.css\";i:152;s:23:\"freeform/editor-rtl.css\";i:153;s:27:\"freeform/editor-rtl.min.css\";i:154;s:19:\"freeform/editor.css\";i:155;s:23:\"freeform/editor.min.css\";i:156;s:22:\"gallery/editor-rtl.css\";i:157;s:26:\"gallery/editor-rtl.min.css\";i:158;s:18:\"gallery/editor.css\";i:159;s:22:\"gallery/editor.min.css\";i:160;s:21:\"gallery/style-rtl.css\";i:161;s:25:\"gallery/style-rtl.min.css\";i:162;s:17:\"gallery/style.css\";i:163;s:21:\"gallery/style.min.css\";i:164;s:21:\"gallery/theme-rtl.css\";i:165;s:25:\"gallery/theme-rtl.min.css\";i:166;s:17:\"gallery/theme.css\";i:167;s:21:\"gallery/theme.min.css\";i:168;s:20:\"group/editor-rtl.css\";i:169;s:24:\"group/editor-rtl.min.css\";i:170;s:16:\"group/editor.css\";i:171;s:20:\"group/editor.min.css\";i:172;s:19:\"group/style-rtl.css\";i:173;s:23:\"group/style-rtl.min.css\";i:174;s:15:\"group/style.css\";i:175;s:19:\"group/style.min.css\";i:176;s:19:\"group/theme-rtl.css\";i:177;s:23:\"group/theme-rtl.min.css\";i:178;s:15:\"group/theme.css\";i:179;s:19:\"group/theme.min.css\";i:180;s:21:\"heading/style-rtl.css\";i:181;s:25:\"heading/style-rtl.min.css\";i:182;s:17:\"heading/style.css\";i:183;s:21:\"heading/style.min.css\";i:184;s:19:\"html/editor-rtl.css\";i:185;s:23:\"html/editor-rtl.min.css\";i:186;s:15:\"html/editor.css\";i:187;s:19:\"html/editor.min.css\";i:188;s:20:\"image/editor-rtl.css\";i:189;s:24:\"image/editor-rtl.min.css\";i:190;s:16:\"image/editor.css\";i:191;s:20:\"image/editor.min.css\";i:192;s:19:\"image/style-rtl.css\";i:193;s:23:\"image/style-rtl.min.css\";i:194;s:15:\"image/style.css\";i:195;s:19:\"image/style.min.css\";i:196;s:19:\"image/theme-rtl.css\";i:197;s:23:\"image/theme-rtl.min.css\";i:198;s:15:\"image/theme.css\";i:199;s:19:\"image/theme.min.css\";i:200;s:29:\"latest-comments/style-rtl.css\";i:201;s:33:\"latest-comments/style-rtl.min.css\";i:202;s:25:\"latest-comments/style.css\";i:203;s:29:\"latest-comments/style.min.css\";i:204;s:27:\"latest-posts/editor-rtl.css\";i:205;s:31:\"latest-posts/editor-rtl.min.css\";i:206;s:23:\"latest-posts/editor.css\";i:207;s:27:\"latest-posts/editor.min.css\";i:208;s:26:\"latest-posts/style-rtl.css\";i:209;s:30:\"latest-posts/style-rtl.min.css\";i:210;s:22:\"latest-posts/style.css\";i:211;s:26:\"latest-posts/style.min.css\";i:212;s:18:\"list/style-rtl.css\";i:213;s:22:\"list/style-rtl.min.css\";i:214;s:14:\"list/style.css\";i:215;s:18:\"list/style.min.css\";i:216;s:25:\"media-text/editor-rtl.css\";i:217;s:29:\"media-text/editor-rtl.min.css\";i:218;s:21:\"media-text/editor.css\";i:219;s:25:\"media-text/editor.min.css\";i:220;s:24:\"media-text/style-rtl.css\";i:221;s:28:\"media-text/style-rtl.min.css\";i:222;s:20:\"media-text/style.css\";i:223;s:24:\"media-text/style.min.css\";i:224;s:19:\"more/editor-rtl.css\";i:225;s:23:\"more/editor-rtl.min.css\";i:226;s:15:\"more/editor.css\";i:227;s:19:\"more/editor.min.css\";i:228;s:30:\"navigation-link/editor-rtl.css\";i:229;s:34:\"navigation-link/editor-rtl.min.css\";i:230;s:26:\"navigation-link/editor.css\";i:231;s:30:\"navigation-link/editor.min.css\";i:232;s:29:\"navigation-link/style-rtl.css\";i:233;s:33:\"navigation-link/style-rtl.min.css\";i:234;s:25:\"navigation-link/style.css\";i:235;s:29:\"navigation-link/style.min.css\";i:236;s:33:\"navigation-submenu/editor-rtl.css\";i:237;s:37:\"navigation-submenu/editor-rtl.min.css\";i:238;s:29:\"navigation-submenu/editor.css\";i:239;s:33:\"navigation-submenu/editor.min.css\";i:240;s:25:\"navigation/editor-rtl.css\";i:241;s:29:\"navigation/editor-rtl.min.css\";i:242;s:21:\"navigation/editor.css\";i:243;s:25:\"navigation/editor.min.css\";i:244;s:24:\"navigation/style-rtl.css\";i:245;s:28:\"navigation/style-rtl.min.css\";i:246;s:20:\"navigation/style.css\";i:247;s:24:\"navigation/style.min.css\";i:248;s:23:\"nextpage/editor-rtl.css\";i:249;s:27:\"nextpage/editor-rtl.min.css\";i:250;s:19:\"nextpage/editor.css\";i:251;s:23:\"nextpage/editor.min.css\";i:252;s:24:\"page-list/editor-rtl.css\";i:253;s:28:\"page-list/editor-rtl.min.css\";i:254;s:20:\"page-list/editor.css\";i:255;s:24:\"page-list/editor.min.css\";i:256;s:23:\"page-list/style-rtl.css\";i:257;s:27:\"page-list/style-rtl.min.css\";i:258;s:19:\"page-list/style.css\";i:259;s:23:\"page-list/style.min.css\";i:260;s:24:\"paragraph/editor-rtl.css\";i:261;s:28:\"paragraph/editor-rtl.min.css\";i:262;s:20:\"paragraph/editor.css\";i:263;s:24:\"paragraph/editor.min.css\";i:264;s:23:\"paragraph/style-rtl.css\";i:265;s:27:\"paragraph/style-rtl.min.css\";i:266;s:19:\"paragraph/style.css\";i:267;s:23:\"paragraph/style.min.css\";i:268;s:25:\"post-author/style-rtl.css\";i:269;s:29:\"post-author/style-rtl.min.css\";i:270;s:21:\"post-author/style.css\";i:271;s:25:\"post-author/style.min.css\";i:272;s:33:\"post-comments-form/editor-rtl.css\";i:273;s:37:\"post-comments-form/editor-rtl.min.css\";i:274;s:29:\"post-comments-form/editor.css\";i:275;s:33:\"post-comments-form/editor.min.css\";i:276;s:32:\"post-comments-form/style-rtl.css\";i:277;s:36:\"post-comments-form/style-rtl.min.css\";i:278;s:28:\"post-comments-form/style.css\";i:279;s:32:\"post-comments-form/style.min.css\";i:280;s:23:\"post-date/style-rtl.css\";i:281;s:27:\"post-date/style-rtl.min.css\";i:282;s:19:\"post-date/style.css\";i:283;s:23:\"post-date/style.min.css\";i:284;s:27:\"post-excerpt/editor-rtl.css\";i:285;s:31:\"post-excerpt/editor-rtl.min.css\";i:286;s:23:\"post-excerpt/editor.css\";i:287;s:27:\"post-excerpt/editor.min.css\";i:288;s:26:\"post-excerpt/style-rtl.css\";i:289;s:30:\"post-excerpt/style-rtl.min.css\";i:290;s:22:\"post-excerpt/style.css\";i:291;s:26:\"post-excerpt/style.min.css\";i:292;s:34:\"post-featured-image/editor-rtl.css\";i:293;s:38:\"post-featured-image/editor-rtl.min.css\";i:294;s:30:\"post-featured-image/editor.css\";i:295;s:34:\"post-featured-image/editor.min.css\";i:296;s:33:\"post-featured-image/style-rtl.css\";i:297;s:37:\"post-featured-image/style-rtl.min.css\";i:298;s:29:\"post-featured-image/style.css\";i:299;s:33:\"post-featured-image/style.min.css\";i:300;s:34:\"post-navigation-link/style-rtl.css\";i:301;s:38:\"post-navigation-link/style-rtl.min.css\";i:302;s:30:\"post-navigation-link/style.css\";i:303;s:34:\"post-navigation-link/style.min.css\";i:304;s:28:\"post-template/editor-rtl.css\";i:305;s:32:\"post-template/editor-rtl.min.css\";i:306;s:24:\"post-template/editor.css\";i:307;s:28:\"post-template/editor.min.css\";i:308;s:27:\"post-template/style-rtl.css\";i:309;s:31:\"post-template/style-rtl.min.css\";i:310;s:23:\"post-template/style.css\";i:311;s:27:\"post-template/style.min.css\";i:312;s:24:\"post-terms/style-rtl.css\";i:313;s:28:\"post-terms/style-rtl.min.css\";i:314;s:20:\"post-terms/style.css\";i:315;s:24:\"post-terms/style.min.css\";i:316;s:24:\"post-title/style-rtl.css\";i:317;s:28:\"post-title/style-rtl.min.css\";i:318;s:20:\"post-title/style.css\";i:319;s:24:\"post-title/style.min.css\";i:320;s:26:\"preformatted/style-rtl.css\";i:321;s:30:\"preformatted/style-rtl.min.css\";i:322;s:22:\"preformatted/style.css\";i:323;s:26:\"preformatted/style.min.css\";i:324;s:24:\"pullquote/editor-rtl.css\";i:325;s:28:\"pullquote/editor-rtl.min.css\";i:326;s:20:\"pullquote/editor.css\";i:327;s:24:\"pullquote/editor.min.css\";i:328;s:23:\"pullquote/style-rtl.css\";i:329;s:27:\"pullquote/style-rtl.min.css\";i:330;s:19:\"pullquote/style.css\";i:331;s:23:\"pullquote/style.min.css\";i:332;s:23:\"pullquote/theme-rtl.css\";i:333;s:27:\"pullquote/theme-rtl.min.css\";i:334;s:19:\"pullquote/theme.css\";i:335;s:23:\"pullquote/theme.min.css\";i:336;s:39:\"query-pagination-numbers/editor-rtl.css\";i:337;s:43:\"query-pagination-numbers/editor-rtl.min.css\";i:338;s:35:\"query-pagination-numbers/editor.css\";i:339;s:39:\"query-pagination-numbers/editor.min.css\";i:340;s:31:\"query-pagination/editor-rtl.css\";i:341;s:35:\"query-pagination/editor-rtl.min.css\";i:342;s:27:\"query-pagination/editor.css\";i:343;s:31:\"query-pagination/editor.min.css\";i:344;s:30:\"query-pagination/style-rtl.css\";i:345;s:34:\"query-pagination/style-rtl.min.css\";i:346;s:26:\"query-pagination/style.css\";i:347;s:30:\"query-pagination/style.min.css\";i:348;s:25:\"query-title/style-rtl.css\";i:349;s:29:\"query-title/style-rtl.min.css\";i:350;s:21:\"query-title/style.css\";i:351;s:25:\"query-title/style.min.css\";i:352;s:20:\"query/editor-rtl.css\";i:353;s:24:\"query/editor-rtl.min.css\";i:354;s:16:\"query/editor.css\";i:355;s:20:\"query/editor.min.css\";i:356;s:19:\"quote/style-rtl.css\";i:357;s:23:\"quote/style-rtl.min.css\";i:358;s:15:\"quote/style.css\";i:359;s:19:\"quote/style.min.css\";i:360;s:19:\"quote/theme-rtl.css\";i:361;s:23:\"quote/theme-rtl.min.css\";i:362;s:15:\"quote/theme.css\";i:363;s:19:\"quote/theme.min.css\";i:364;s:23:\"read-more/style-rtl.css\";i:365;s:27:\"read-more/style-rtl.min.css\";i:366;s:19:\"read-more/style.css\";i:367;s:23:\"read-more/style.min.css\";i:368;s:18:\"rss/editor-rtl.css\";i:369;s:22:\"rss/editor-rtl.min.css\";i:370;s:14:\"rss/editor.css\";i:371;s:18:\"rss/editor.min.css\";i:372;s:17:\"rss/style-rtl.css\";i:373;s:21:\"rss/style-rtl.min.css\";i:374;s:13:\"rss/style.css\";i:375;s:17:\"rss/style.min.css\";i:376;s:21:\"search/editor-rtl.css\";i:377;s:25:\"search/editor-rtl.min.css\";i:378;s:17:\"search/editor.css\";i:379;s:21:\"search/editor.min.css\";i:380;s:20:\"search/style-rtl.css\";i:381;s:24:\"search/style-rtl.min.css\";i:382;s:16:\"search/style.css\";i:383;s:20:\"search/style.min.css\";i:384;s:20:\"search/theme-rtl.css\";i:385;s:24:\"search/theme-rtl.min.css\";i:386;s:16:\"search/theme.css\";i:387;s:20:\"search/theme.min.css\";i:388;s:24:\"separator/editor-rtl.css\";i:389;s:28:\"separator/editor-rtl.min.css\";i:390;s:20:\"separator/editor.css\";i:391;s:24:\"separator/editor.min.css\";i:392;s:23:\"separator/style-rtl.css\";i:393;s:27:\"separator/style-rtl.min.css\";i:394;s:19:\"separator/style.css\";i:395;s:23:\"separator/style.min.css\";i:396;s:23:\"separator/theme-rtl.css\";i:397;s:27:\"separator/theme-rtl.min.css\";i:398;s:19:\"separator/theme.css\";i:399;s:23:\"separator/theme.min.css\";i:400;s:24:\"shortcode/editor-rtl.css\";i:401;s:28:\"shortcode/editor-rtl.min.css\";i:402;s:20:\"shortcode/editor.css\";i:403;s:24:\"shortcode/editor.min.css\";i:404;s:24:\"site-logo/editor-rtl.css\";i:405;s:28:\"site-logo/editor-rtl.min.css\";i:406;s:20:\"site-logo/editor.css\";i:407;s:24:\"site-logo/editor.min.css\";i:408;s:23:\"site-logo/style-rtl.css\";i:409;s:27:\"site-logo/style-rtl.min.css\";i:410;s:19:\"site-logo/style.css\";i:411;s:23:\"site-logo/style.min.css\";i:412;s:27:\"site-tagline/editor-rtl.css\";i:413;s:31:\"site-tagline/editor-rtl.min.css\";i:414;s:23:\"site-tagline/editor.css\";i:415;s:27:\"site-tagline/editor.min.css\";i:416;s:25:\"site-title/editor-rtl.css\";i:417;s:29:\"site-title/editor-rtl.min.css\";i:418;s:21:\"site-title/editor.css\";i:419;s:25:\"site-title/editor.min.css\";i:420;s:24:\"site-title/style-rtl.css\";i:421;s:28:\"site-title/style-rtl.min.css\";i:422;s:20:\"site-title/style.css\";i:423;s:24:\"site-title/style.min.css\";i:424;s:26:\"social-link/editor-rtl.css\";i:425;s:30:\"social-link/editor-rtl.min.css\";i:426;s:22:\"social-link/editor.css\";i:427;s:26:\"social-link/editor.min.css\";i:428;s:27:\"social-links/editor-rtl.css\";i:429;s:31:\"social-links/editor-rtl.min.css\";i:430;s:23:\"social-links/editor.css\";i:431;s:27:\"social-links/editor.min.css\";i:432;s:26:\"social-links/style-rtl.css\";i:433;s:30:\"social-links/style-rtl.min.css\";i:434;s:22:\"social-links/style.css\";i:435;s:26:\"social-links/style.min.css\";i:436;s:21:\"spacer/editor-rtl.css\";i:437;s:25:\"spacer/editor-rtl.min.css\";i:438;s:17:\"spacer/editor.css\";i:439;s:21:\"spacer/editor.min.css\";i:440;s:20:\"spacer/style-rtl.css\";i:441;s:24:\"spacer/style-rtl.min.css\";i:442;s:16:\"spacer/style.css\";i:443;s:20:\"spacer/style.min.css\";i:444;s:20:\"table/editor-rtl.css\";i:445;s:24:\"table/editor-rtl.min.css\";i:446;s:16:\"table/editor.css\";i:447;s:20:\"table/editor.min.css\";i:448;s:19:\"table/style-rtl.css\";i:449;s:23:\"table/style-rtl.min.css\";i:450;s:15:\"table/style.css\";i:451;s:19:\"table/style.min.css\";i:452;s:19:\"table/theme-rtl.css\";i:453;s:23:\"table/theme-rtl.min.css\";i:454;s:15:\"table/theme.css\";i:455;s:19:\"table/theme.min.css\";i:456;s:23:\"tag-cloud/style-rtl.css\";i:457;s:27:\"tag-cloud/style-rtl.min.css\";i:458;s:19:\"tag-cloud/style.css\";i:459;s:23:\"tag-cloud/style.min.css\";i:460;s:28:\"template-part/editor-rtl.css\";i:461;s:32:\"template-part/editor-rtl.min.css\";i:462;s:24:\"template-part/editor.css\";i:463;s:28:\"template-part/editor.min.css\";i:464;s:27:\"template-part/theme-rtl.css\";i:465;s:31:\"template-part/theme-rtl.min.css\";i:466;s:23:\"template-part/theme.css\";i:467;s:27:\"template-part/theme.min.css\";i:468;s:30:\"term-description/style-rtl.css\";i:469;s:34:\"term-description/style-rtl.min.css\";i:470;s:26:\"term-description/style.css\";i:471;s:30:\"term-description/style.min.css\";i:472;s:27:\"text-columns/editor-rtl.css\";i:473;s:31:\"text-columns/editor-rtl.min.css\";i:474;s:23:\"text-columns/editor.css\";i:475;s:27:\"text-columns/editor.min.css\";i:476;s:26:\"text-columns/style-rtl.css\";i:477;s:30:\"text-columns/style-rtl.min.css\";i:478;s:22:\"text-columns/style.css\";i:479;s:26:\"text-columns/style.min.css\";i:480;s:19:\"verse/style-rtl.css\";i:481;s:23:\"verse/style-rtl.min.css\";i:482;s:15:\"verse/style.css\";i:483;s:19:\"verse/style.min.css\";i:484;s:20:\"video/editor-rtl.css\";i:485;s:24:\"video/editor-rtl.min.css\";i:486;s:16:\"video/editor.css\";i:487;s:20:\"video/editor.min.css\";i:488;s:19:\"video/style-rtl.css\";i:489;s:23:\"video/style-rtl.min.css\";i:490;s:15:\"video/style.css\";i:491;s:19:\"video/style.min.css\";i:492;s:19:\"video/theme-rtl.css\";i:493;s:23:\"video/theme-rtl.min.css\";i:494;s:15:\"video/theme.css\";i:495;s:19:\"video/theme.min.css\";}}', 'yes'),
(122, 'recovery_keys', 'a:0:{}', 'yes'),
(123, 'https_detection_errors', 'a:1:{s:20:\"https_request_failed\";a:1:{i:0;s:21:\"HTTPS request failed.\";}}', 'yes'),
(124, '_site_transient_update_core', 'O:8:\"stdClass\":4:{s:7:\"updates\";a:1:{i:0;O:8:\"stdClass\":10:{s:8:\"response\";s:6:\"latest\";s:8:\"download\";s:59:\"https://downloads.wordpress.org/release/wordpress-6.3.2.zip\";s:6:\"locale\";s:5:\"en_US\";s:8:\"packages\";O:8:\"stdClass\":5:{s:4:\"full\";s:59:\"https://downloads.wordpress.org/release/wordpress-6.3.2.zip\";s:10:\"no_content\";s:70:\"https://downloads.wordpress.org/release/wordpress-6.3.2-no-content.zip\";s:11:\"new_bundled\";s:71:\"https://downloads.wordpress.org/release/wordpress-6.3.2-new-bundled.zip\";s:7:\"partial\";s:0:\"\";s:8:\"rollback\";s:0:\"\";}s:7:\"current\";s:5:\"6.3.2\";s:7:\"version\";s:5:\"6.3.2\";s:11:\"php_version\";s:5:\"7.0.0\";s:13:\"mysql_version\";s:3:\"5.0\";s:11:\"new_bundled\";s:3:\"6.1\";s:15:\"partial_version\";s:0:\"\";}}s:12:\"last_checked\";i:1697990359;s:15:\"version_checked\";s:5:\"6.3.2\";s:12:\"translations\";a:0:{}}', 'no'),
(125, 'theme_mods_twentytwentythree', 'a:2:{s:18:\"custom_css_post_id\";i:-1;s:16:\"sidebars_widgets\";a:2:{s:4:\"time\";i:1697601422;s:4:\"data\";a:3:{s:19:\"wp_inactive_widgets\";a:0:{}s:9:\"sidebar-1\";a:3:{i:0;s:7:\"block-2\";i:1;s:7:\"block-3\";i:2;s:7:\"block-4\";}s:9:\"sidebar-2\";a:2:{i:0;s:7:\"block-5\";i:1;s:7:\"block-6\";}}}}', 'yes'),
(127, '_site_transient_update_plugins', 'O:8:\"stdClass\":5:{s:12:\"last_checked\";i:1697990361;s:8:\"response\";a:0:{}s:12:\"translations\";a:0:{}s:9:\"no_update\";a:2:{s:19:\"akismet/akismet.php\";O:8:\"stdClass\":10:{s:2:\"id\";s:21:\"w.org/plugins/akismet\";s:4:\"slug\";s:7:\"akismet\";s:6:\"plugin\";s:19:\"akismet/akismet.php\";s:11:\"new_version\";s:3:\"5.3\";s:3:\"url\";s:38:\"https://wordpress.org/plugins/akismet/\";s:7:\"package\";s:54:\"https://downloads.wordpress.org/plugin/akismet.5.3.zip\";s:5:\"icons\";a:2:{s:2:\"2x\";s:60:\"https://ps.w.org/akismet/assets/icon-256x256.png?rev=2818463\";s:2:\"1x\";s:60:\"https://ps.w.org/akismet/assets/icon-128x128.png?rev=2818463\";}s:7:\"banners\";a:2:{s:2:\"2x\";s:63:\"https://ps.w.org/akismet/assets/banner-1544x500.png?rev=2900731\";s:2:\"1x\";s:62:\"https://ps.w.org/akismet/assets/banner-772x250.png?rev=2900731\";}s:11:\"banners_rtl\";a:0:{}s:8:\"requires\";s:3:\"5.8\";}s:9:\"hello.php\";O:8:\"stdClass\":10:{s:2:\"id\";s:25:\"w.org/plugins/hello-dolly\";s:4:\"slug\";s:11:\"hello-dolly\";s:6:\"plugin\";s:9:\"hello.php\";s:11:\"new_version\";s:5:\"1.7.2\";s:3:\"url\";s:42:\"https://wordpress.org/plugins/hello-dolly/\";s:7:\"package\";s:60:\"https://downloads.wordpress.org/plugin/hello-dolly.1.7.2.zip\";s:5:\"icons\";a:2:{s:2:\"2x\";s:64:\"https://ps.w.org/hello-dolly/assets/icon-256x256.jpg?rev=2052855\";s:2:\"1x\";s:64:\"https://ps.w.org/hello-dolly/assets/icon-128x128.jpg?rev=2052855\";}s:7:\"banners\";a:2:{s:2:\"2x\";s:67:\"https://ps.w.org/hello-dolly/assets/banner-1544x500.jpg?rev=2645582\";s:2:\"1x\";s:66:\"https://ps.w.org/hello-dolly/assets/banner-772x250.jpg?rev=2052855\";}s:11:\"banners_rtl\";a:0:{}s:8:\"requires\";s:3:\"4.6\";}}s:7:\"checked\";a:2:{s:19:\"akismet/akismet.php\";s:3:\"5.3\";s:9:\"hello.php\";s:5:\"1.7.2\";}}', 'no'),
(222, '_site_transient_timeout_theme_roots', '1697992160', 'no'),
(223, '_site_transient_theme_roots', 'a:3:{s:15:\"twentytwentyone\";s:7:\"/themes\";s:17:\"twentytwentythree\";s:7:\"/themes\";s:15:\"twentytwentytwo\";s:7:\"/themes\";}', 'no'),
(130, '_site_transient_update_themes', 'O:8:\"stdClass\":5:{s:12:\"last_checked\";i:1697990361;s:7:\"checked\";a:3:{s:15:\"twentytwentyone\";s:3:\"1.9\";s:17:\"twentytwentythree\";s:3:\"1.2\";s:15:\"twentytwentytwo\";s:3:\"1.5\";}s:8:\"response\";a:0:{}s:9:\"no_update\";a:3:{s:15:\"twentytwentyone\";a:6:{s:5:\"theme\";s:15:\"twentytwentyone\";s:11:\"new_version\";s:3:\"1.8\";s:3:\"url\";s:45:\"https://wordpress.org/themes/twentytwentyone/\";s:7:\"package\";s:61:\"https://downloads.wordpress.org/theme/twentytwentyone.1.8.zip\";s:8:\"requires\";s:3:\"5.3\";s:12:\"requires_php\";s:3:\"5.6\";}s:17:\"twentytwentythree\";a:6:{s:5:\"theme\";s:17:\"twentytwentythree\";s:11:\"new_version\";s:3:\"1.2\";s:3:\"url\";s:47:\"https://wordpress.org/themes/twentytwentythree/\";s:7:\"package\";s:63:\"https://downloads.wordpress.org/theme/twentytwentythree.1.2.zip\";s:8:\"requires\";s:3:\"6.1\";s:12:\"requires_php\";s:3:\"5.6\";}s:15:\"twentytwentytwo\";a:6:{s:5:\"theme\";s:15:\"twentytwentytwo\";s:11:\"new_version\";s:3:\"1.4\";s:3:\"url\";s:45:\"https://wordpress.org/themes/twentytwentytwo/\";s:7:\"package\";s:61:\"https://downloads.wordpress.org/theme/twentytwentytwo.1.4.zip\";s:8:\"requires\";s:3:\"5.9\";s:12:\"requires_php\";s:3:\"5.6\";}}s:12:\"translations\";a:0:{}}', 'no'),
(131, '_site_transient_timeout_browser_e3f8101c41b40572973227d0a64620d0', '1698206212', 'no'),
(132, '_site_transient_browser_e3f8101c41b40572973227d0a64620d0', 'a:10:{s:4:\"name\";s:6:\"Chrome\";s:7:\"version\";s:9:\"118.0.0.0\";s:8:\"platform\";s:7:\"Windows\";s:10:\"update_url\";s:29:\"https://www.google.com/chrome\";s:7:\"img_src\";s:43:\"http://s.w.org/images/browsers/chrome.png?1\";s:11:\"img_src_ssl\";s:44:\"https://s.w.org/images/browsers/chrome.png?1\";s:15:\"current_version\";s:2:\"18\";s:7:\"upgrade\";b:0;s:8:\"insecure\";b:0;s:6:\"mobile\";b:0;}', 'no'),
(133, '_site_transient_timeout_php_check_e26e33de4a278e301580d402dcb3d659', '1698206213', 'no'),
(134, '_site_transient_php_check_e26e33de4a278e301580d402dcb3d659', 'a:5:{s:19:\"recommended_version\";s:3:\"7.4\";s:15:\"minimum_version\";s:3:\"7.0\";s:12:\"is_supported\";b:1;s:9:\"is_secure\";b:1;s:13:\"is_acceptable\";b:1;}', 'no'),
(154, 'finished_updating_comment_type', '1', 'yes'),
(136, 'can_compress_scripts', '1', 'yes'),
(149, 'current_theme', 'Twenty Twenty-One', 'yes'),
(150, 'theme_mods_twentytwentyone', 'a:3:{i:0;b:0;s:18:\"nav_menu_locations\";a:0:{}s:18:\"custom_css_post_id\";i:-1;}', 'yes'),
(151, 'theme_switched', '', 'yes'),
(156, '_site_transient_timeout_browser_15c2f6f9416d00cec8b4f729460293c0', '1698244012', 'no'),
(157, '_site_transient_browser_15c2f6f9416d00cec8b4f729460293c0', 'a:10:{s:4:\"name\";s:6:\"Chrome\";s:7:\"version\";s:9:\"115.0.0.0\";s:8:\"platform\";s:7:\"Windows\";s:10:\"update_url\";s:29:\"https://www.google.com/chrome\";s:7:\"img_src\";s:43:\"http://s.w.org/images/browsers/chrome.png?1\";s:11:\"img_src_ssl\";s:44:\"https://s.w.org/images/browsers/chrome.png?1\";s:15:\"current_version\";s:2:\"18\";s:7:\"upgrade\";b:0;s:8:\"insecure\";b:0;s:6:\"mobile\";b:0;}', 'no'),
(158, '_site_transient_timeout_php_check_c9dd5cfbc4fa9554c7110a759bca4ee5', '1698244013', 'no'),
(159, '_site_transient_php_check_c9dd5cfbc4fa9554c7110a759bca4ee5', 'a:5:{s:19:\"recommended_version\";s:3:\"7.4\";s:15:\"minimum_version\";s:3:\"7.0\";s:12:\"is_supported\";b:1;s:9:\"is_secure\";b:1;s:13:\"is_acceptable\";b:1;}', 'no'),
(166, 'category_children', 'a:0:{}', 'yes'),
(173, 'wp_calendar_block_has_published_posts', '1', 'yes'),
(200, '_transient_health-check-site-status-result', '{\"good\":15,\"recommended\":7,\"critical\":1}', 'yes');

-- --------------------------------------------------------

--
-- Table structure for table `wp_v613postmeta`
--

CREATE TABLE `wp_v613postmeta` (
  `meta_id` bigint(20) UNSIGNED NOT NULL,
  `post_id` bigint(20) UNSIGNED NOT NULL DEFAULT 0,
  `meta_key` varchar(255) DEFAULT NULL,
  `meta_value` longtext DEFAULT NULL
) ENGINE=MyISAM DEFAULT CHARSET=utf8mb4 COLLATE=utf8mb4_unicode_520_ci;

--
-- Dumping data for table `wp_v613postmeta`
--

INSERT INTO `wp_v613postmeta` (`meta_id`, `post_id`, `meta_key`, `meta_value`) VALUES
(1, 2, '_wp_page_template', 'default'),
(2, 3, '_wp_page_template', 'default'),
(3, 1, '_wp_trash_meta_status', 'publish'),
(4, 1, '_wp_trash_meta_time', '1697640324'),
(5, 1, '_wp_desired_post_slug', 'hello-world'),
(6, 1, '_wp_trash_meta_comments_status', 'a:1:{i:1;s:1:\"1\";}'),
(7, 8, '_edit_lock', '1697641919:1'),
(10, 10, '_edit_lock', '1697641892:1'),
(16, 14, '_edit_lock', '1697641830:1'),
(13, 12, '_edit_lock', '1697641865:1'),
(19, 16, '_edit_lock', '1697641791:1'),
(25, 20, '_edit_lock', '1697641735:1'),
(22, 18, '_edit_lock', '1697641768:1'),
(35, 24, '_edit_lock', '1697641688:1'),
(32, 22, '_edit_lock', '1697641710:1'),
(38, 26, '_wp_attached_file', '2023/10/image001-5842-1695898073.png'),
(39, 26, '_wp_attachment_metadata', 'a:6:{s:5:\"width\";i:680;s:6:\"height\";i:383;s:4:\"file\";s:36:\"2023/10/image001-5842-1695898073.png\";s:8:\"filesize\";i:296090;s:5:\"sizes\";a:2:{s:6:\"medium\";a:5:{s:4:\"file\";s:36:\"image001-5842-1695898073-300x169.png\";s:5:\"width\";i:300;s:6:\"height\";i:169;s:9:\"mime-type\";s:9:\"image/png\";s:8:\"filesize\";i:57708;}s:9:\"thumbnail\";a:5:{s:4:\"file\";s:36:\"image001-5842-1695898073-150x150.png\";s:5:\"width\";i:150;s:6:\"height\";i:150;s:9:\"mime-type\";s:9:\"image/png\";s:8:\"filesize\";i:30136;}}s:10:\"image_meta\";a:12:{s:8:\"aperture\";s:1:\"0\";s:6:\"credit\";s:0:\"\";s:6:\"camera\";s:0:\"\";s:7:\"caption\";s:0:\"\";s:17:\"created_timestamp\";s:1:\"0\";s:9:\"copyright\";s:0:\"\";s:12:\"focal_length\";s:1:\"0\";s:3:\"iso\";s:1:\"0\";s:13:\"shutter_speed\";s:1:\"0\";s:5:\"title\";s:0:\"\";s:11:\"orientation\";s:1:\"0\";s:8:\"keywords\";a:0:{}}}'),
(43, 27, '_wp_attached_file', '2023/10/A-nh-NPN-3169-1697636018.jpg'),
(42, 24, '_thumbnail_id', '26'),
(44, 27, '_wp_attachment_metadata', 'a:6:{s:5:\"width\";i:680;s:6:\"height\";i:408;s:4:\"file\";s:36:\"2023/10/A-nh-NPN-3169-1697636018.jpg\";s:8:\"filesize\";i:145194;s:5:\"sizes\";a:2:{s:6:\"medium\";a:5:{s:4:\"file\";s:36:\"A-nh-NPN-3169-1697636018-300x180.jpg\";s:5:\"width\";i:300;s:6:\"height\";i:180;s:9:\"mime-type\";s:10:\"image/jpeg\";s:8:\"filesize\";i:12479;}s:9:\"thumbnail\";a:5:{s:4:\"file\";s:36:\"A-nh-NPN-3169-1697636018-150x150.jpg\";s:5:\"width\";i:150;s:6:\"height\";i:150;s:9:\"mime-type\";s:10:\"image/jpeg\";s:8:\"filesize\";i:7441;}}s:10:\"image_meta\";a:12:{s:8:\"aperture\";s:1:\"0\";s:6:\"credit\";s:0:\"\";s:6:\"camera\";s:0:\"\";s:7:\"caption\";s:0:\"\";s:17:\"created_timestamp\";s:1:\"0\";s:9:\"copyright\";s:0:\"\";s:12:\"focal_length\";s:1:\"0\";s:3:\"iso\";s:1:\"0\";s:13:\"shutter_speed\";s:1:\"0\";s:5:\"title\";s:0:\"\";s:11:\"orientation\";s:1:\"0\";s:8:\"keywords\";a:0:{}}}'),
(48, 28, '_wp_attached_file', '2023/10/iphone-17-pro-will-be-the-firs-3789-7739-1697386685.jpg'),
(47, 22, '_thumbnail_id', '27'),
(49, 28, '_wp_attachment_metadata', 'a:6:{s:5:\"width\";i:680;s:6:\"height\";i:383;s:4:\"file\";s:63:\"2023/10/iphone-17-pro-will-be-the-firs-3789-7739-1697386685.jpg\";s:8:\"filesize\";i:108549;s:5:\"sizes\";a:2:{s:6:\"medium\";a:5:{s:4:\"file\";s:63:\"iphone-17-pro-will-be-the-firs-3789-7739-1697386685-300x169.jpg\";s:5:\"width\";i:300;s:6:\"height\";i:169;s:9:\"mime-type\";s:10:\"image/jpeg\";s:8:\"filesize\";i:6641;}s:9:\"thumbnail\";a:5:{s:4:\"file\";s:63:\"iphone-17-pro-will-be-the-firs-3789-7739-1697386685-150x150.jpg\";s:5:\"width\";i:150;s:6:\"height\";i:150;s:9:\"mime-type\";s:10:\"image/jpeg\";s:8:\"filesize\";i:4820;}}s:10:\"image_meta\";a:12:{s:8:\"aperture\";s:1:\"0\";s:6:\"credit\";s:0:\"\";s:6:\"camera\";s:0:\"\";s:7:\"caption\";s:0:\"\";s:17:\"created_timestamp\";s:1:\"0\";s:9:\"copyright\";s:0:\"\";s:12:\"focal_length\";s:1:\"0\";s:3:\"iso\";s:1:\"0\";s:13:\"shutter_speed\";s:1:\"0\";s:5:\"title\";s:0:\"\";s:11:\"orientation\";s:1:\"1\";s:8:\"keywords\";a:0:{}}}'),
(53, 29, '_wp_attached_file', '2023/10/ap18104556372119-1415.jpg'),
(52, 20, '_thumbnail_id', '28'),
(54, 29, '_wp_attachment_metadata', 'a:6:{s:5:\"width\";i:2048;s:6:\"height\";i:1366;s:4:\"file\";s:33:\"2023/10/ap18104556372119-1415.jpg\";s:8:\"filesize\";i:831770;s:5:\"sizes\";a:6:{s:6:\"medium\";a:5:{s:4:\"file\";s:33:\"ap18104556372119-1415-300x200.jpg\";s:5:\"width\";i:300;s:6:\"height\";i:200;s:9:\"mime-type\";s:10:\"image/jpeg\";s:8:\"filesize\";i:15135;}s:5:\"large\";a:5:{s:4:\"file\";s:34:\"ap18104556372119-1415-1024x683.jpg\";s:5:\"width\";i:1024;s:6:\"height\";i:683;s:9:\"mime-type\";s:10:\"image/jpeg\";s:8:\"filesize\";i:102562;}s:9:\"thumbnail\";a:5:{s:4:\"file\";s:33:\"ap18104556372119-1415-150x150.jpg\";s:5:\"width\";i:150;s:6:\"height\";i:150;s:9:\"mime-type\";s:10:\"image/jpeg\";s:8:\"filesize\";i:7459;}s:12:\"medium_large\";a:5:{s:4:\"file\";s:33:\"ap18104556372119-1415-768x512.jpg\";s:5:\"width\";i:768;s:6:\"height\";i:512;s:9:\"mime-type\";s:10:\"image/jpeg\";s:8:\"filesize\";i:59517;}s:9:\"1536x1536\";a:5:{s:4:\"file\";s:35:\"ap18104556372119-1415-1536x1025.jpg\";s:5:\"width\";i:1536;s:6:\"height\";i:1025;s:9:\"mime-type\";s:10:\"image/jpeg\";s:8:\"filesize\";i:218416;}s:14:\"post-thumbnail\";a:5:{s:4:\"file\";s:35:\"ap18104556372119-1415-1568x1046.jpg\";s:5:\"width\";i:1568;s:6:\"height\";i:1046;s:9:\"mime-type\";s:10:\"image/jpeg\";s:8:\"filesize\";i:225728;}}s:10:\"image_meta\";a:12:{s:8:\"aperture\";s:1:\"0\";s:6:\"credit\";s:0:\"\";s:6:\"camera\";s:0:\"\";s:7:\"caption\";s:0:\"\";s:17:\"created_timestamp\";s:1:\"0\";s:9:\"copyright\";s:0:\"\";s:12:\"focal_length\";s:1:\"0\";s:3:\"iso\";s:1:\"0\";s:13:\"shutter_speed\";s:1:\"0\";s:5:\"title\";s:0:\"\";s:11:\"orientation\";s:1:\"0\";s:8:\"keywords\";a:0:{}}}'),
(58, 30, '_wp_attached_file', '2023/10/652f46559644c-1200-1697624827-3204-1697624927.jpg'),
(57, 18, '_thumbnail_id', '29'),
(59, 30, '_wp_attachment_metadata', 'a:6:{s:5:\"width\";i:680;s:6:\"height\";i:408;s:4:\"file\";s:57:\"2023/10/652f46559644c-1200-1697624827-3204-1697624927.jpg\";s:8:\"filesize\";i:142826;s:5:\"sizes\";a:2:{s:6:\"medium\";a:5:{s:4:\"file\";s:57:\"652f46559644c-1200-1697624827-3204-1697624927-300x180.jpg\";s:5:\"width\";i:300;s:6:\"height\";i:180;s:9:\"mime-type\";s:10:\"image/jpeg\";s:8:\"filesize\";i:11479;}s:9:\"thumbnail\";a:5:{s:4:\"file\";s:57:\"652f46559644c-1200-1697624827-3204-1697624927-150x150.jpg\";s:5:\"width\";i:150;s:6:\"height\";i:150;s:9:\"mime-type\";s:10:\"image/jpeg\";s:8:\"filesize\";i:6065;}}s:10:\"image_meta\";a:12:{s:8:\"aperture\";s:1:\"0\";s:6:\"credit\";s:0:\"\";s:6:\"camera\";s:0:\"\";s:7:\"caption\";s:0:\"\";s:17:\"created_timestamp\";s:1:\"0\";s:9:\"copyright\";s:0:\"\";s:12:\"focal_length\";s:1:\"0\";s:3:\"iso\";s:1:\"0\";s:13:\"shutter_speed\";s:1:\"0\";s:5:\"title\";s:0:\"\";s:11:\"orientation\";s:1:\"0\";s:8:\"keywords\";a:0:{}}}'),
(63, 31, '_wp_attached_file', '2023/10/iphone-12-gay-ung-thu-min.png'),
(62, 16, '_thumbnail_id', '30'),
(64, 31, '_wp_attachment_metadata', 'a:6:{s:5:\"width\";i:1200;s:6:\"height\";i:630;s:4:\"file\";s:37:\"2023/10/iphone-12-gay-ung-thu-min.png\";s:8:\"filesize\";i:260883;s:5:\"sizes\";a:4:{s:6:\"medium\";a:5:{s:4:\"file\";s:37:\"iphone-12-gay-ung-thu-min-300x158.png\";s:5:\"width\";i:300;s:6:\"height\";i:158;s:9:\"mime-type\";s:9:\"image/png\";s:8:\"filesize\";i:72063;}s:5:\"large\";a:5:{s:4:\"file\";s:38:\"iphone-12-gay-ung-thu-min-1024x538.png\";s:5:\"width\";i:1024;s:6:\"height\";i:538;s:9:\"mime-type\";s:9:\"image/png\";s:8:\"filesize\";i:819433;}s:9:\"thumbnail\";a:5:{s:4:\"file\";s:37:\"iphone-12-gay-ung-thu-min-150x150.png\";s:5:\"width\";i:150;s:6:\"height\";i:150;s:9:\"mime-type\";s:9:\"image/png\";s:8:\"filesize\";i:35262;}s:12:\"medium_large\";a:5:{s:4:\"file\";s:37:\"iphone-12-gay-ung-thu-min-768x403.png\";s:5:\"width\";i:768;s:6:\"height\";i:403;s:9:\"mime-type\";s:9:\"image/png\";s:8:\"filesize\";i:455095;}}s:10:\"image_meta\";a:12:{s:8:\"aperture\";s:1:\"0\";s:6:\"credit\";s:0:\"\";s:6:\"camera\";s:0:\"\";s:7:\"caption\";s:0:\"\";s:17:\"created_timestamp\";s:1:\"0\";s:9:\"copyright\";s:0:\"\";s:12:\"focal_length\";s:1:\"0\";s:3:\"iso\";s:1:\"0\";s:13:\"shutter_speed\";s:1:\"0\";s:5:\"title\";s:0:\"\";s:11:\"orientation\";s:1:\"0\";s:8:\"keywords\";a:0:{}}}'),
(68, 32, '_wp_attached_file', '2023/10/ge-globo-casemiro-has-twisted-his-ankle-and-it-is-badly-v0-0t6_8srpze7jjmr8n97jucuatxdq3j8qwvc9jgr5jh0-1544.jpg'),
(67, 14, '_thumbnail_id', '31'),
(69, 32, '_wp_attachment_metadata', 'a:6:{s:5:\"width\";i:1200;s:6:\"height\";i:801;s:4:\"file\";s:119:\"2023/10/ge-globo-casemiro-has-twisted-his-ankle-and-it-is-badly-v0-0t6_8srpze7jjmr8n97jucuatxdq3j8qwvc9jgr5jh0-1544.jpg\";s:8:\"filesize\";i:105876;s:5:\"sizes\";a:4:{s:6:\"medium\";a:5:{s:4:\"file\";s:119:\"ge-globo-casemiro-has-twisted-his-ankle-and-it-is-badly-v0-0t6_8srpze7jjmr8n97jucuatxdq3j8qwvc9jgr5jh0-1544-300x200.jpg\";s:5:\"width\";i:300;s:6:\"height\";i:200;s:9:\"mime-type\";s:10:\"image/jpeg\";s:8:\"filesize\";i:11168;}s:5:\"large\";a:5:{s:4:\"file\";s:120:\"ge-globo-casemiro-has-twisted-his-ankle-and-it-is-badly-v0-0t6_8srpze7jjmr8n97jucuatxdq3j8qwvc9jgr5jh0-1544-1024x684.jpg\";s:5:\"width\";i:1024;s:6:\"height\";i:684;s:9:\"mime-type\";s:10:\"image/jpeg\";s:8:\"filesize\";i:78699;}s:9:\"thumbnail\";a:5:{s:4:\"file\";s:119:\"ge-globo-casemiro-has-twisted-his-ankle-and-it-is-badly-v0-0t6_8srpze7jjmr8n97jucuatxdq3j8qwvc9jgr5jh0-1544-150x150.jpg\";s:5:\"width\";i:150;s:6:\"height\";i:150;s:9:\"mime-type\";s:10:\"image/jpeg\";s:8:\"filesize\";i:5899;}s:12:\"medium_large\";a:5:{s:4:\"file\";s:119:\"ge-globo-casemiro-has-twisted-his-ankle-and-it-is-badly-v0-0t6_8srpze7jjmr8n97jucuatxdq3j8qwvc9jgr5jh0-1544-768x513.jpg\";s:5:\"width\";i:768;s:6:\"height\";i:513;s:9:\"mime-type\";s:10:\"image/jpeg\";s:8:\"filesize\";i:49268;}}s:10:\"image_meta\";a:12:{s:8:\"aperture\";s:1:\"0\";s:6:\"credit\";s:0:\"\";s:6:\"camera\";s:0:\"\";s:7:\"caption\";s:0:\"\";s:17:\"created_timestamp\";s:1:\"0\";s:9:\"copyright\";s:0:\"\";s:12:\"focal_length\";s:1:\"0\";s:3:\"iso\";s:1:\"0\";s:13:\"shutter_speed\";s:1:\"0\";s:5:\"title\";s:0:\"\";s:11:\"orientation\";s:1:\"0\";s:8:\"keywords\";a:0:{}}}'),
(73, 33, '_wp_attached_file', '2023/10/hinh-1-1697613362144689546706.jpg'),
(72, 12, '_thumbnail_id', '32'),
(74, 33, '_wp_attachment_metadata', 'a:6:{s:5:\"width\";i:640;s:6:\"height\";i:360;s:4:\"file\";s:41:\"2023/10/hinh-1-1697613362144689546706.jpg\";s:8:\"filesize\";i:73980;s:5:\"sizes\";a:2:{s:6:\"medium\";a:5:{s:4:\"file\";s:41:\"hinh-1-1697613362144689546706-300x169.jpg\";s:5:\"width\";i:300;s:6:\"height\";i:169;s:9:\"mime-type\";s:10:\"image/jpeg\";s:8:\"filesize\";i:12696;}s:9:\"thumbnail\";a:5:{s:4:\"file\";s:41:\"hinh-1-1697613362144689546706-150x150.jpg\";s:5:\"width\";i:150;s:6:\"height\";i:150;s:9:\"mime-type\";s:10:\"image/jpeg\";s:8:\"filesize\";i:6889;}}s:10:\"image_meta\";a:12:{s:8:\"aperture\";s:1:\"0\";s:6:\"credit\";s:0:\"\";s:6:\"camera\";s:0:\"\";s:7:\"caption\";s:0:\"\";s:17:\"created_timestamp\";s:1:\"0\";s:9:\"copyright\";s:0:\"\";s:12:\"focal_length\";s:1:\"0\";s:3:\"iso\";s:1:\"0\";s:13:\"shutter_speed\";s:1:\"0\";s:5:\"title\";s:0:\"\";s:11:\"orientation\";s:1:\"1\";s:8:\"keywords\";a:0:{}}}'),
(78, 34, '_wp_attached_file', '2023/10/Mbappe1.png'),
(77, 10, '_thumbnail_id', '33'),
(79, 34, '_wp_attachment_metadata', 'a:6:{s:5:\"width\";i:480;s:6:\"height\";i:270;s:4:\"file\";s:19:\"2023/10/Mbappe1.png\";s:8:\"filesize\";i:165938;s:5:\"sizes\";a:2:{s:6:\"medium\";a:5:{s:4:\"file\";s:19:\"Mbappe1-300x169.png\";s:5:\"width\";i:300;s:6:\"height\";i:169;s:9:\"mime-type\";s:9:\"image/png\";s:8:\"filesize\";i:78137;}s:9:\"thumbnail\";a:5:{s:4:\"file\";s:19:\"Mbappe1-150x150.png\";s:5:\"width\";i:150;s:6:\"height\";i:150;s:9:\"mime-type\";s:9:\"image/png\";s:8:\"filesize\";i:43510;}}s:10:\"image_meta\";a:12:{s:8:\"aperture\";s:1:\"0\";s:6:\"credit\";s:0:\"\";s:6:\"camera\";s:0:\"\";s:7:\"caption\";s:0:\"\";s:17:\"created_timestamp\";s:1:\"0\";s:9:\"copyright\";s:0:\"\";s:12:\"focal_length\";s:1:\"0\";s:3:\"iso\";s:1:\"0\";s:13:\"shutter_speed\";s:1:\"0\";s:5:\"title\";s:0:\"\";s:11:\"orientation\";s:1:\"0\";s:8:\"keywords\";a:0:{}}}'),
(82, 8, '_thumbnail_id', '34');

-- --------------------------------------------------------

--
-- Table structure for table `wp_v613posts`
--

CREATE TABLE `wp_v613posts` (
  `ID` bigint(20) UNSIGNED NOT NULL,
  `post_author` bigint(20) UNSIGNED NOT NULL DEFAULT 0,
  `post_date` datetime NOT NULL DEFAULT '0000-00-00 00:00:00',
  `post_date_gmt` datetime NOT NULL DEFAULT '0000-00-00 00:00:00',
  `post_content` longtext NOT NULL,
  `post_title` text NOT NULL,
  `post_excerpt` text NOT NULL,
  `post_status` varchar(20) NOT NULL DEFAULT 'publish',
  `comment_status` varchar(20) NOT NULL DEFAULT 'open',
  `ping_status` varchar(20) NOT NULL DEFAULT 'open',
  `post_password` varchar(255) NOT NULL DEFAULT '',
  `post_name` varchar(200) NOT NULL DEFAULT '',
  `to_ping` text NOT NULL,
  `pinged` text NOT NULL,
  `post_modified` datetime NOT NULL DEFAULT '0000-00-00 00:00:00',
  `post_modified_gmt` datetime NOT NULL DEFAULT '0000-00-00 00:00:00',
  `post_content_filtered` longtext NOT NULL,
  `post_parent` bigint(20) UNSIGNED NOT NULL DEFAULT 0,
  `guid` varchar(255) NOT NULL DEFAULT '',
  `menu_order` int(11) NOT NULL DEFAULT 0,
  `post_type` varchar(20) NOT NULL DEFAULT 'post',
  `post_mime_type` varchar(100) NOT NULL DEFAULT '',
  `comment_count` bigint(20) NOT NULL DEFAULT 0
) ENGINE=MyISAM DEFAULT CHARSET=utf8mb4 COLLATE=utf8mb4_unicode_520_ci;

--
-- Dumping data for table `wp_v613posts`
--

INSERT INTO `wp_v613posts` (`ID`, `post_author`, `post_date`, `post_date_gmt`, `post_content`, `post_title`, `post_excerpt`, `post_status`, `comment_status`, `ping_status`, `post_password`, `post_name`, `to_ping`, `pinged`, `post_modified`, `post_modified_gmt`, `post_content_filtered`, `post_parent`, `guid`, `menu_order`, `post_type`, `post_mime_type`, `comment_count`) VALUES
(1, 1, '2023-10-18 03:56:40', '2023-10-18 03:56:40', '<!-- wp:paragraph -->\n<p>Welcome to WordPress. This is your first post. Edit or delete it, then start writing!</p>\n<!-- /wp:paragraph -->', 'Hello world!', '', 'trash', 'open', 'open', '', 'hello-world__trashed', '', '', '2023-10-18 14:45:24', '2023-10-18 14:45:24', '', 0, 'http://localhost:82/NhomG_CMS_2023/?p=1', 0, 'post', '', 1),
(2, 1, '2023-10-18 03:56:40', '2023-10-18 03:56:40', '<!-- wp:paragraph -->\n<p>This is an example page. It\'s different from a blog post because it will stay in one place and will show up in your site navigation (in most themes). Most people start with an About page that introduces them to potential site visitors. It might say something like this:</p>\n<!-- /wp:paragraph -->\n\n<!-- wp:quote -->\n<blockquote class=\"wp-block-quote\"><p>Hi there! I\'m a bike messenger by day, aspiring actor by night, and this is my website. I live in Los Angeles, have a great dog named Jack, and I like pi&#241;a coladas. (And gettin\' caught in the rain.)</p></blockquote>\n<!-- /wp:quote -->\n\n<!-- wp:paragraph -->\n<p>...or something like this:</p>\n<!-- /wp:paragraph -->\n\n<!-- wp:quote -->\n<blockquote class=\"wp-block-quote\"><p>The XYZ Doohickey Company was founded in 1971, and has been providing quality doohickeys to the public ever since. Located in Gotham City, XYZ employs over 2,000 people and does all kinds of awesome things for the Gotham community.</p></blockquote>\n<!-- /wp:quote -->\n\n<!-- wp:paragraph -->\n<p>As a new WordPress user, you should go to <a href=\"http://localhost:82/NhomG_CMS_2023/wp-admin/\">your dashboard</a> to delete this page and create new pages for your content. Have fun!</p>\n<!-- /wp:paragraph -->', 'Sample Page', '', 'publish', 'closed', 'open', '', 'sample-page', '', '', '2023-10-18 03:56:40', '2023-10-18 03:56:40', '', 0, 'http://localhost:82/NhomG_CMS_2023/?page_id=2', 0, 'page', '', 0),
(3, 1, '2023-10-18 03:56:40', '2023-10-18 03:56:40', '<!-- wp:heading --><h2>Who we are</h2><!-- /wp:heading --><!-- wp:paragraph --><p><strong class=\"privacy-policy-tutorial\">Suggested text: </strong>Our website address is: http://localhost:82/NhomG_CMS_2023.</p><!-- /wp:paragraph --><!-- wp:heading --><h2>Comments</h2><!-- /wp:heading --><!-- wp:paragraph --><p><strong class=\"privacy-policy-tutorial\">Suggested text: </strong>When visitors leave comments on the site we collect the data shown in the comments form, and also the visitor&#8217;s IP address and browser user agent string to help spam detection.</p><!-- /wp:paragraph --><!-- wp:paragraph --><p>An anonymized string created from your email address (also called a hash) may be provided to the Gravatar service to see if you are using it. The Gravatar service privacy policy is available here: https://automattic.com/privacy/. After approval of your comment, your profile picture is visible to the public in the context of your comment.</p><!-- /wp:paragraph --><!-- wp:heading --><h2>Media</h2><!-- /wp:heading --><!-- wp:paragraph --><p><strong class=\"privacy-policy-tutorial\">Suggested text: </strong>If you upload images to the website, you should avoid uploading images with embedded location data (EXIF GPS) included. Visitors to the website can download and extract any location data from images on the website.</p><!-- /wp:paragraph --><!-- wp:heading --><h2>Cookies</h2><!-- /wp:heading --><!-- wp:paragraph --><p><strong class=\"privacy-policy-tutorial\">Suggested text: </strong>If you leave a comment on our site you may opt-in to saving your name, email address and website in cookies. These are for your convenience so that you do not have to fill in your details again when you leave another comment. These cookies will last for one year.</p><!-- /wp:paragraph --><!-- wp:paragraph --><p>If you visit our login page, we will set a temporary cookie to determine if your browser accepts cookies. This cookie contains no personal data and is discarded when you close your browser.</p><!-- /wp:paragraph --><!-- wp:paragraph --><p>When you log in, we will also set up several cookies to save your login information and your screen display choices. Login cookies last for two days, and screen options cookies last for a year. If you select &quot;Remember Me&quot;, your login will persist for two weeks. If you log out of your account, the login cookies will be removed.</p><!-- /wp:paragraph --><!-- wp:paragraph --><p>If you edit or publish an article, an additional cookie will be saved in your browser. This cookie includes no personal data and simply indicates the post ID of the article you just edited. It expires after 1 day.</p><!-- /wp:paragraph --><!-- wp:heading --><h2>Embedded content from other websites</h2><!-- /wp:heading --><!-- wp:paragraph --><p><strong class=\"privacy-policy-tutorial\">Suggested text: </strong>Articles on this site may include embedded content (e.g. videos, images, articles, etc.). Embedded content from other websites behaves in the exact same way as if the visitor has visited the other website.</p><!-- /wp:paragraph --><!-- wp:paragraph --><p>These websites may collect data about you, use cookies, embed additional third-party tracking, and monitor your interaction with that embedded content, including tracking your interaction with the embedded content if you have an account and are logged in to that website.</p><!-- /wp:paragraph --><!-- wp:heading --><h2>Who we share your data with</h2><!-- /wp:heading --><!-- wp:paragraph --><p><strong class=\"privacy-policy-tutorial\">Suggested text: </strong>If you request a password reset, your IP address will be included in the reset email.</p><!-- /wp:paragraph --><!-- wp:heading --><h2>How long we retain your data</h2><!-- /wp:heading --><!-- wp:paragraph --><p><strong class=\"privacy-policy-tutorial\">Suggested text: </strong>If you leave a comment, the comment and its metadata are retained indefinitely. This is so we can recognize and approve any follow-up comments automatically instead of holding them in a moderation queue.</p><!-- /wp:paragraph --><!-- wp:paragraph --><p>For users that register on our website (if any), we also store the personal information they provide in their user profile. All users can see, edit, or delete their personal information at any time (except they cannot change their username). Website administrators can also see and edit that information.</p><!-- /wp:paragraph --><!-- wp:heading --><h2>What rights you have over your data</h2><!-- /wp:heading --><!-- wp:paragraph --><p><strong class=\"privacy-policy-tutorial\">Suggested text: </strong>If you have an account on this site, or have left comments, you can request to receive an exported file of the personal data we hold about you, including any data you have provided to us. You can also request that we erase any personal data we hold about you. This does not include any data we are obliged to keep for administrative, legal, or security purposes.</p><!-- /wp:paragraph --><!-- wp:heading --><h2>Where your data is sent</h2><!-- /wp:heading --><!-- wp:paragraph --><p><strong class=\"privacy-policy-tutorial\">Suggested text: </strong>Visitor comments may be checked through an automated spam detection service.</p><!-- /wp:paragraph -->', 'Privacy Policy', '', 'draft', 'closed', 'open', '', 'privacy-policy', '', '', '2023-10-18 03:56:40', '2023-10-18 03:56:40', '', 0, 'http://localhost:82/NhomG_CMS_2023/?page_id=3', 0, 'page', '', 0),
(4, 0, '2023-10-18 03:56:41', '2023-10-18 03:56:41', '<!-- wp:page-list /-->', 'Navigation', '', 'publish', 'closed', 'closed', '', 'navigation', '', '', '2023-10-18 03:56:41', '2023-10-18 03:56:41', '', 0, 'http://localhost:82/NhomG_CMS_2023/2023/10/18/navigation/', 0, 'wp_navigation', '', 0),
(5, 1, '2023-10-18 03:56:53', '0000-00-00 00:00:00', '', 'Auto Draft', '', 'auto-draft', 'open', 'open', '', '', '', '', '2023-10-18 03:56:53', '0000-00-00 00:00:00', '', 0, 'http://localhost:82/NhomG_CMS_2023/?p=5', 0, 'post', '', 0),
(6, 3, '2023-10-18 14:41:53', '0000-00-00 00:00:00', '', 'Auto Draft', '', 'auto-draft', 'open', 'open', '', '', '', '', '2023-10-18 14:41:53', '0000-00-00 00:00:00', '', 0, 'http://localhost:82/NhomG_CMS_2023/?p=6', 0, 'post', '', 0),
(7, 1, '2023-10-18 14:45:24', '2023-10-18 14:45:24', '<!-- wp:paragraph -->\n<p>Welcome to WordPress. This is your first post. Edit or delete it, then start writing!</p>\n<!-- /wp:paragraph -->', 'Hello world!', '', 'inherit', 'closed', 'closed', '', '1-revision-v1', '', '', '2023-10-18 14:45:24', '2023-10-18 14:45:24', '', 1, 'http://localhost:82/NhomG_CMS_2023/?p=7', 0, 'revision', '', 0),
(8, 3, '2023-10-18 14:51:45', '2023-10-18 14:51:45', '<!-- wp:paragraph -->\n<p>Mbappe tên thật là Kylian Mbappe Lottin. Anh sinh ngày 20 tháng 12 năm 1998 và là một cầu thủ bóng đá người Pháp hiện đang thi đấu ở vị trí tiền đạo cho câu lạc bộ Paris Saint-Germain và đội tuyển bóng đá quốc gia Pháp. Anh có thể chơi cho cả 3 ĐTQG này, nhưng tất nhiên LĐBĐ Pháp không thể để mất tài năng sáng giá tầm cỡ thế giới theo cách đó.</p>\n<!-- /wp:paragraph -->\n\n<!-- wp:paragraph -->\n<p>Chơi ở vị trí tiền đạo, Kylian Mbappe sở hữu cho mình một thân hình không quá hoàn hảo khi cao 1,78m với cân nặng 73kg. Dù không có một body lý tưởng nhưng chính điều này đã mang lại cho Mbappe khả năng xoay sở và bứt tốc cực kỳ ấn tượng.</p>\n<!-- /wp:paragraph -->\n\n<!-- wp:image -->\n<figure class=\"wp-block-image\"><img src=\"https://mira.vn/upload/images/Mbappe(1).png\" alt=\"\"/></figure>\n<!-- /wp:image -->\n\n<!-- wp:heading -->\n<h2 class=\"wp-block-heading\" id=\"su-nghiep-cua-mbappe\"><strong>Sự nghiệp của Mbappe</strong></h2>\n<!-- /wp:heading -->\n\n<!-- wp:paragraph -->\n<p>Kylian Mbappe có trận đấu chuyên nghiệp đầu tiên vào ngày 2/12/2015.</p>\n<!-- /wp:paragraph -->\n\n<!-- wp:paragraph -->\n<p>Cầu thủ người Pháp được giới chuyên môn đánh giá là khá đa năng khi có thể thi đấu gần như mọi vị trí trên hàng tiền đạo. Tuy nhiên, vị trí sở trường và làm nên tên tuổi cho Mbappe là tiền đạo cánh phải.</p>\n<!-- /wp:paragraph -->\n\n<!-- wp:paragraph -->\n<p>Mới chỉ 22 tuổi nhưng cậu bé vàng của nước Pháp đã cán mốc 30 bàn thắng tại giải đấu danh giá Champions League, qua đó phá vỡ kỷ lục của chính người đàn anh cùng CLB là Lionel Messi. Còn rất trẻ nhưng nhiều người đã cho rằng chính Mbappe sẽ truyền nhân để tiếp bước 2 người đàn anh là Messi và Ronaldo trở thành chủ nhân của quả bóng vàng trong tương lai.</p>\n<!-- /wp:paragraph -->\n\n<!-- wp:image -->\n<figure class=\"wp-block-image\"><img src=\"https://mira.vn/upload/images/1200-L-real-madrid-psg-les-premiers-mots-de-kylian-mbapp-suite-l-limination(1).jpeg\" alt=\"\"/></figure>\n<!-- /wp:image -->\n\n<!-- wp:paragraph -->\n<p>Mbappe Được Nhiều Người Cho Rằng Sẽ Là Chủ Nhân Của Quả Bóng Vàng Trong Tương Lai</p>\n<!-- /wp:paragraph -->\n\n<!-- wp:paragraph -->\n<p>Ở Olympic 2021 vừa qua, ngôi sao của PSG đã gửi thư xin từ chối tham dự giải đấu Olympic diễn ra tại Tokyo đến Uỷ ban Olympic Pháp. Theo đó, chân sút 22 tuổi sẽ cùng tuyển Pháp tham dự Euro 2021 – diễn ra từ 11/6 đến 11/7. Vì thế, sẽ là một mùa hè bận rộn với tiền đạo PSG nếu anh tiếp tục dự Olympic tại Nhật Bản từ ngày 23/7 đến 8/8.</p>\n<!-- /wp:paragraph -->\n\n<!-- wp:heading -->\n<h2 class=\"wp-block-heading\" id=\"doi-tu-cua-kylian-mbappe\"><strong>Đời tư của Kylian Mbappe</strong></h2>\n<!-- /wp:heading -->\n\n<!-- wp:paragraph -->\n<p>Không quá khi nói rằng Mbappe đang là cầu thủ có giá trị chuyển nhượng cao nhất Thế Giới, đồng thời cũng là chân sút khiến rất nhiều CLB lớn phải “thèm thuồng”.</p>\n<!-- /wp:paragraph -->\n\n<!-- wp:list -->\n<ul><!-- wp:list-item -->\n<li>Năm 2017, PSG đã ký hợp đồng với Mbappe sau thời gian 1 năm mượn từ Monaco với giá trị kỷ lục là 180 triệu Euro, đưa anh trở thành cầu thủ đắt giá thứ 2 Thế Giới và là cầu thủ trẻ đắt giá nhất từ trước đến nay.</li>\n<!-- /wp:list-item -->\n\n<!-- wp:list-item -->\n<li>Hiện tại, Mbappe được định giá khoảng 160 triệu Euro. Là một ngôi sao hàng đầu nên không ngạc nhiên khi Mbappe sở hữu mức lương cực khủng lên tới 600.000 bảng/tuần (tương đương 19 tỷ đồng).</li>\n<!-- /wp:list-item --></ul>\n<!-- /wp:list -->\n\n<!-- wp:paragraph -->\n<p>Với mức đãi ngộ cao như vậy, nhưng ngôi sao tuyển Pháp lại ít khi thể hiện sự giàu có của mình với mọi người.</p>\n<!-- /wp:paragraph -->\n\n<!-- wp:paragraph -->\n<p>Cầu thủ 22 tuổi sở hữu cho mình chỉ vỏn vẹn 3 chiếc xe hơi gồm:</p>\n<!-- /wp:paragraph -->\n\n<!-- wp:list -->\n<ul><!-- wp:list-item -->\n<li>Volkswagen Touareg, giá 102.000 USD (2,3 tỷ đồng)</li>\n<!-- /wp:list-item -->\n\n<!-- wp:list-item -->\n<li>Volkswagen Multivan, giá 30.100 USD (692 triệu đồng)</li>\n<!-- /wp:list-item -->\n\n<!-- wp:list-item -->\n<li>Mercedes Benz V Class giá 81.500 USD (1,9 tỷ đồng).</li>\n<!-- /wp:list-item --></ul>\n<!-- /wp:list -->\n\n<!-- wp:image -->\n<figure class=\"wp-block-image\"><img src=\"https://mira.vn/upload/images/xe(1).jpeg\" alt=\"\"/></figure>\n<!-- /wp:image -->\n\n<!-- wp:paragraph -->\n<p>Mbappe Bên Chiếc Volkswagen Touareg Của Mình</p>\n<!-- /wp:paragraph -->\n\n<!-- wp:paragraph -->\n<p>Cũng bởi sự nổi tiếng của mình, Mbappe luôn được đồn đại và gán ghép với rất nhiều những bóng hồng. Tuy nhiên, cầu thủ PSG vẫn chưa một lần lên tiếng thừa nhận. Vừa qua, ngôi sao tuyển Pháp được giới truyền thông phát hiện đang hẹn hò với Luisa Jacobelli, con gái của nhà báo và đạo diễn lừng danh Xavier Jacobelli.</p>\n<!-- /wp:paragraph -->\n\n<!-- wp:image -->\n<figure class=\"wp-block-image\"><img src=\"https://mira.vn/upload/images/mpe-ban-gai.jpeg\" alt=\"\"/></figure>\n<!-- /wp:image -->\n\n<!-- wp:paragraph -->\n<p>Bạn Gái Tin Đồn Của Mbappe</p>\n<!-- /wp:paragraph -->\n\n<!-- wp:heading -->\n<h2 class=\"wp-block-heading\" id=\"mbappe-la-nguoi-nhu-the-nao\"><strong>Mbappe là người như thế nào?</strong></h2>\n<!-- /wp:heading -->\n\n<!-- wp:paragraph -->\n<p>Thần tượng từ thuở bé của Mbappe không phải ai khác mà chính là Cristiano Ronaldo. Mbappe từng chia sẻ, cậu mơ ước trở thành nhà vô địch và vươn tới đẳng cấp như thần tượng của mình. Ngoài những bức ảnh treo CR7 trong phòng, cậu còn liên tục xem lại video về các trận đấu của tiền đạo người Bồ Đào Nha.</p>\n<!-- /wp:paragraph -->\n\n<!-- wp:image -->\n<figure class=\"wp-block-image\"><img src=\"https://mira.vn/upload/images/cr7.jpeg\" alt=\"\"/></figure>\n<!-- /wp:image -->\n\n<!-- wp:paragraph -->\n<p>Cr7 Là Thần Tượng Từ Thuở Bé Của Mbappe</p>\n<!-- /wp:paragraph -->\n\n<!-- wp:paragraph -->\n<p>Khi đến với PSG, Mbappe cùng Neymar trở thành 2 nhân tố quan trọng bậc nhất giúp đội bóng thành Paris chinh phục những mục tiêu của mình. Tuy vậy, không ít lần người ta bắt gặp 2 cầu thủ này trong tình cảnh “cơm không lành, canh chẳng ngọt”. Đã có lần Mbappe vì tức giận khi Neymar không chuyền bóng cho mình nên đã có những lời không hay: “Thằng ăn mày kia, sao không chuyền bóng cho tao?”. Tuy nhiên, sau đó mọi hiểu lầm đã được cả 2 hóa giải.</p>\n<!-- /wp:paragraph -->\n\n<!-- wp:paragraph -->\n<p>Cũng giống như Neymar, khi Messi về với PSG đã xuất hiện vô số những thông tin về mối quan hệ không được suôn sẻ giữa anh và Mbappe. Vậy nhưng, trong ngày xô đổ kỷ lục cầu thủ trẻ nhất ghi được 30 bàn thắng tại Champions League của Messi, chính ngôi sao 22 tuổi đã có những bình luận đập tan những nghi hoặc từ mọi người. Mbappe cho hay:</p>\n<!-- /wp:paragraph -->\n\n<!-- wp:paragraph -->\n<p>“Thi đấu cùng Messi là điều dễ dàng, vì anh ấy là cầu thủ xuất sắc nhất thế giới. Anh ấy vừa mới giành Quả bóng vàng vài ngày trước. Hôm nay anh ấy ghi được 2 bàn và cảm thấy hạnh phúc. Tôi hy vọng anh ấy sẽ giúp đỡ cho chúng tôi trong tương lai”.</p>\n<!-- /wp:paragraph -->\n\n<!-- wp:image -->\n<figure class=\"wp-block-image\"><img src=\"https://mira.vn/upload/images/messi-mbappe-671(1).jpeg\" alt=\"\"/></figure>\n<!-- /wp:image -->\n\n<!-- wp:paragraph -->\n<p>Mbappe Và Messi</p>\n<!-- /wp:paragraph -->\n\n<!-- wp:paragraph -->\n<p>Mbappe còn được biết đến là một cầu thủ có cái tôi rất lớn. Trước khi Euro 2020 diễn ra, tuyển Pháp đã xảy ra lục đục nội bộ giữa Mbappe và Giroud. Cụ thể, sau khi kết thúc một trận đấu của tuyển Pháp trước thềm Euro khởi tranh, Giroud đã bày tỏ sự không hài lòng của mình về khi các đồng đội không chuyền cho anh. Phát biểu này được cho là nhắm đến Mbappe. Ngay sau đó, chân sút của PSG tỏ ra rất tức giận và thậm chí muốn tổ chức một cuộc họp báo công khai để làm cho ra nhẽ.</p>\n<!-- /wp:paragraph -->', 'Kylian Mbappe Lottin', '', 'publish', 'open', 'open', '', 'kylian-mbappe-lottin', '', '', '2023-10-18 15:14:22', '2023-10-18 15:14:22', '', 0, 'http://localhost:82/NhomG_CMS_2023/?p=8', 0, 'post', '', 0),
(9, 1, '2023-10-18 14:51:45', '2023-10-18 14:51:45', '<!-- wp:paragraph -->\n<p>Mbappe tên thật là Kylian Mbappe Lottin. Anh sinh ngày 20 tháng 12 năm 1998 và là một cầu thủ bóng đá người Pháp hiện đang thi đấu ở vị trí tiền đạo cho câu lạc bộ Paris Saint-Germain và đội tuyển bóng đá quốc gia Pháp. Anh có thể chơi cho cả 3 ĐTQG này, nhưng tất nhiên LĐBĐ Pháp không thể để mất tài năng sáng giá tầm cỡ thế giới theo cách đó.</p>\n<!-- /wp:paragraph -->\n\n<!-- wp:paragraph -->\n<p>Chơi ở vị trí tiền đạo, Kylian Mbappe sở hữu cho mình một thân hình không quá hoàn hảo khi cao 1,78m với cân nặng 73kg. Dù không có một body lý tưởng nhưng chính điều này đã mang lại cho Mbappe khả năng xoay sở và bứt tốc cực kỳ ấn tượng.</p>\n<!-- /wp:paragraph -->\n\n<!-- wp:image -->\n<figure class=\"wp-block-image\"><img src=\"https://mira.vn/upload/images/Mbappe(1).png\" alt=\"\"/></figure>\n<!-- /wp:image -->\n\n<!-- wp:heading -->\n<h2 class=\"wp-block-heading\" id=\"su-nghiep-cua-mbappe\"><strong>Sự nghiệp của Mbappe</strong></h2>\n<!-- /wp:heading -->\n\n<!-- wp:paragraph -->\n<p>Kylian Mbappe có trận đấu chuyên nghiệp đầu tiên vào ngày 2/12/2015.</p>\n<!-- /wp:paragraph -->\n\n<!-- wp:paragraph -->\n<p>Cầu thủ người Pháp được giới chuyên môn đánh giá là khá đa năng khi có thể thi đấu gần như mọi vị trí trên hàng tiền đạo. Tuy nhiên, vị trí sở trường và làm nên tên tuổi cho Mbappe là tiền đạo cánh phải.</p>\n<!-- /wp:paragraph -->\n\n<!-- wp:paragraph -->\n<p>Mới chỉ 22 tuổi nhưng cậu bé vàng của nước Pháp đã cán mốc 30 bàn thắng tại giải đấu danh giá Champions League, qua đó phá vỡ kỷ lục của chính người đàn anh cùng CLB là Lionel Messi. Còn rất trẻ nhưng nhiều người đã cho rằng chính Mbappe sẽ truyền nhân để tiếp bước 2 người đàn anh là Messi và Ronaldo trở thành chủ nhân của quả bóng vàng trong tương lai.</p>\n<!-- /wp:paragraph -->\n\n<!-- wp:image -->\n<figure class=\"wp-block-image\"><img src=\"https://mira.vn/upload/images/1200-L-real-madrid-psg-les-premiers-mots-de-kylian-mbapp-suite-l-limination(1).jpeg\" alt=\"\"/></figure>\n<!-- /wp:image -->\n\n<!-- wp:paragraph -->\n<p>Mbappe Được Nhiều Người Cho Rằng Sẽ Là Chủ Nhân Của Quả Bóng Vàng Trong Tương Lai</p>\n<!-- /wp:paragraph -->\n\n<!-- wp:paragraph -->\n<p>Ở Olympic 2021 vừa qua, ngôi sao của PSG đã gửi thư xin từ chối tham dự giải đấu Olympic diễn ra tại Tokyo đến Uỷ ban Olympic Pháp. Theo đó, chân sút 22 tuổi sẽ cùng tuyển Pháp tham dự Euro 2021 – diễn ra từ 11/6 đến 11/7. Vì thế, sẽ là một mùa hè bận rộn với tiền đạo PSG nếu anh tiếp tục dự Olympic tại Nhật Bản từ ngày 23/7 đến 8/8.</p>\n<!-- /wp:paragraph -->\n\n<!-- wp:heading -->\n<h2 class=\"wp-block-heading\" id=\"doi-tu-cua-kylian-mbappe\"><strong>Đời tư của Kylian Mbappe</strong></h2>\n<!-- /wp:heading -->\n\n<!-- wp:paragraph -->\n<p>Không quá khi nói rằng Mbappe đang là cầu thủ có giá trị chuyển nhượng cao nhất Thế Giới, đồng thời cũng là chân sút khiến rất nhiều CLB lớn phải “thèm thuồng”.</p>\n<!-- /wp:paragraph -->\n\n<!-- wp:list -->\n<ul><!-- wp:list-item -->\n<li>Năm 2017, PSG đã ký hợp đồng với Mbappe sau thời gian 1 năm mượn từ Monaco với giá trị kỷ lục là 180 triệu Euro, đưa anh trở thành cầu thủ đắt giá thứ 2 Thế Giới và là cầu thủ trẻ đắt giá nhất từ trước đến nay.</li>\n<!-- /wp:list-item -->\n\n<!-- wp:list-item -->\n<li>Hiện tại, Mbappe được định giá khoảng 160 triệu Euro. Là một ngôi sao hàng đầu nên không ngạc nhiên khi Mbappe sở hữu mức lương cực khủng lên tới 600.000 bảng/tuần (tương đương 19 tỷ đồng).</li>\n<!-- /wp:list-item --></ul>\n<!-- /wp:list -->\n\n<!-- wp:paragraph -->\n<p>Với mức đãi ngộ cao như vậy, nhưng ngôi sao tuyển Pháp lại ít khi thể hiện sự giàu có của mình với mọi người.</p>\n<!-- /wp:paragraph -->\n\n<!-- wp:paragraph -->\n<p>Cầu thủ 22 tuổi sở hữu cho mình chỉ vỏn vẹn 3 chiếc xe hơi gồm:</p>\n<!-- /wp:paragraph -->\n\n<!-- wp:list -->\n<ul><!-- wp:list-item -->\n<li>Volkswagen Touareg, giá 102.000 USD (2,3 tỷ đồng)</li>\n<!-- /wp:list-item -->\n\n<!-- wp:list-item -->\n<li>Volkswagen Multivan, giá 30.100 USD (692 triệu đồng)</li>\n<!-- /wp:list-item -->\n\n<!-- wp:list-item -->\n<li>Mercedes Benz V Class giá 81.500 USD (1,9 tỷ đồng).</li>\n<!-- /wp:list-item --></ul>\n<!-- /wp:list -->\n\n<!-- wp:image -->\n<figure class=\"wp-block-image\"><img src=\"https://mira.vn/upload/images/xe(1).jpeg\" alt=\"\"/></figure>\n<!-- /wp:image -->\n\n<!-- wp:paragraph -->\n<p>Mbappe Bên Chiếc Volkswagen Touareg Của Mình</p>\n<!-- /wp:paragraph -->\n\n<!-- wp:paragraph -->\n<p>Cũng bởi sự nổi tiếng của mình, Mbappe luôn được đồn đại và gán ghép với rất nhiều những bóng hồng. Tuy nhiên, cầu thủ PSG vẫn chưa một lần lên tiếng thừa nhận. Vừa qua, ngôi sao tuyển Pháp được giới truyền thông phát hiện đang hẹn hò với Luisa Jacobelli, con gái của nhà báo và đạo diễn lừng danh Xavier Jacobelli.</p>\n<!-- /wp:paragraph -->\n\n<!-- wp:image -->\n<figure class=\"wp-block-image\"><img src=\"https://mira.vn/upload/images/mpe-ban-gai.jpeg\" alt=\"\"/></figure>\n<!-- /wp:image -->\n\n<!-- wp:paragraph -->\n<p>Bạn Gái Tin Đồn Của Mbappe</p>\n<!-- /wp:paragraph -->\n\n<!-- wp:heading -->\n<h2 class=\"wp-block-heading\" id=\"mbappe-la-nguoi-nhu-the-nao\"><strong>Mbappe là người như thế nào?</strong></h2>\n<!-- /wp:heading -->\n\n<!-- wp:paragraph -->\n<p>Thần tượng từ thuở bé của Mbappe không phải ai khác mà chính là Cristiano Ronaldo. Mbappe từng chia sẻ, cậu mơ ước trở thành nhà vô địch và vươn tới đẳng cấp như thần tượng của mình. Ngoài những bức ảnh treo CR7 trong phòng, cậu còn liên tục xem lại video về các trận đấu của tiền đạo người Bồ Đào Nha.</p>\n<!-- /wp:paragraph -->\n\n<!-- wp:image -->\n<figure class=\"wp-block-image\"><img src=\"https://mira.vn/upload/images/cr7.jpeg\" alt=\"\"/></figure>\n<!-- /wp:image -->\n\n<!-- wp:paragraph -->\n<p>Cr7 Là Thần Tượng Từ Thuở Bé Của Mbappe</p>\n<!-- /wp:paragraph -->\n\n<!-- wp:paragraph -->\n<p>Khi đến với PSG, Mbappe cùng Neymar trở thành 2 nhân tố quan trọng bậc nhất giúp đội bóng thành Paris chinh phục những mục tiêu của mình. Tuy vậy, không ít lần người ta bắt gặp 2 cầu thủ này trong tình cảnh “cơm không lành, canh chẳng ngọt”. Đã có lần Mbappe vì tức giận khi Neymar không chuyền bóng cho mình nên đã có những lời không hay: “Thằng ăn mày kia, sao không chuyền bóng cho tao?”. Tuy nhiên, sau đó mọi hiểu lầm đã được cả 2 hóa giải.</p>\n<!-- /wp:paragraph -->\n\n<!-- wp:paragraph -->\n<p>Cũng giống như Neymar, khi Messi về với PSG đã xuất hiện vô số những thông tin về mối quan hệ không được suôn sẻ giữa anh và Mbappe. Vậy nhưng, trong ngày xô đổ kỷ lục cầu thủ trẻ nhất ghi được 30 bàn thắng tại Champions League của Messi, chính ngôi sao 22 tuổi đã có những bình luận đập tan những nghi hoặc từ mọi người. Mbappe cho hay:</p>\n<!-- /wp:paragraph -->\n\n<!-- wp:paragraph -->\n<p>“Thi đấu cùng Messi là điều dễ dàng, vì anh ấy là cầu thủ xuất sắc nhất thế giới. Anh ấy vừa mới giành Quả bóng vàng vài ngày trước. Hôm nay anh ấy ghi được 2 bàn và cảm thấy hạnh phúc. Tôi hy vọng anh ấy sẽ giúp đỡ cho chúng tôi trong tương lai”.</p>\n<!-- /wp:paragraph -->\n\n<!-- wp:image -->\n<figure class=\"wp-block-image\"><img src=\"https://mira.vn/upload/images/messi-mbappe-671(1).jpeg\" alt=\"\"/></figure>\n<!-- /wp:image -->\n\n<!-- wp:paragraph -->\n<p>Mbappe Và Messi</p>\n<!-- /wp:paragraph -->\n\n<!-- wp:paragraph -->\n<p>Mbappe còn được biết đến là một cầu thủ có cái tôi rất lớn. Trước khi Euro 2020 diễn ra, tuyển Pháp đã xảy ra lục đục nội bộ giữa Mbappe và Giroud. Cụ thể, sau khi kết thúc một trận đấu của tuyển Pháp trước thềm Euro khởi tranh, Giroud đã bày tỏ sự không hài lòng của mình về khi các đồng đội không chuyền cho anh. Phát biểu này được cho là nhắm đến Mbappe. Ngay sau đó, chân sút của PSG tỏ ra rất tức giận và thậm chí muốn tổ chức một cuộc họp báo công khai để làm cho ra nhẽ.</p>\n<!-- /wp:paragraph -->', 'Kylian Mbappe Lottin', '', 'inherit', 'closed', 'closed', '', '8-revision-v1', '', '', '2023-10-18 14:51:45', '2023-10-18 14:51:45', '', 8, 'http://localhost:82/NhomG_CMS_2023/?p=9', 0, 'revision', '', 0),
(10, 1, '2023-10-18 14:53:44', '2023-10-18 14:53:44', '<!-- wp:heading -->\n<h2 class=\"wp-block-heading\">Hôm nay 18.10, tàu buồm huấn luyện INS Sudarshini của Hải quân Ấn Độ đã cập cảng Sài Gòn, bắt đầu chuyến thăm hữu nghị kéo dài 3 ngày tại TP.HCM.</h2>\n<!-- /wp:heading -->\n\n<!-- wp:image {\"linkDestination\":\"custom\"} -->\n<figure class=\"wp-block-image\"><a href=\"https://images2.thanhnien.vn/528068263637045248/2023/10/18/hinh-1-1697613362144689546706.jpg\" target=\"_blank\" rel=\"noreferrer noopener\"><img src=\"https://images2.thanhnien.vn/thumb_w/640/528068263637045248/2023/10/18/hinh-1-1697613362144689546706.jpg\" alt=\"Con tàu đặc biệt của Hải quân Ấn Độ thăm TP.HCM - Ảnh 1.\" title=\"Con tàu đặc biệt của Hải quân Ấn Độ thăm TP.HCM - Ảnh 1.\"/></a><figcaption class=\"wp-element-caption\">Tàu buồm huấn luyện INS Sudarshini thăm TP.HCM ngày 18.10</figcaption></figure>\n<!-- /wp:image -->\n\n<!-- wp:paragraph -->\n<p>Thượng tá Phan Anh Tuấn, Phó lữ đoàn trưởng Lữ đoàn 125 Vùng 2 Hải quân Việt Nam, đã đại diện đón đoàn của trung tá Kamal Singh Rana, chỉ huy&nbsp;<a href=\"https://thanhnien.vn/tau-ins-sudarshini.html\" target=\"_blank\" rel=\"noreferrer noopener\">tàu INS Sudarshini</a>.</p>\n<!-- /wp:paragraph -->\n\n<!-- wp:heading -->\n<h2 class=\"wp-block-heading\">Minh chứng cho quan hệ thắt chặt giữa Ấn Độ và Việt Nam</h2>\n<!-- /wp:heading -->\n\n<!-- wp:paragraph -->\n<p>Sau lễ đón,&nbsp;<a href=\"https://thanhnien.vn/ngoai-truong-an-do.html\" target=\"_blank\" rel=\"noreferrer noopener\">Ngoại trưởng Ấn Độ</a>&nbsp;Subrahmanyam Jaishankar cùng Phó chủ tịch UBND TP.HCM Ngô Minh Châu đã xuống thăm tàu INS Sudarshini và phát biểu chào mừng sự kiện.</p>\n<!-- /wp:paragraph -->\n\n<!-- wp:paragraph -->\n<p>Theo ông Ngô Minh Châu, hiện Ấn Độ có 206 dự án tại TP.HCM, với tổng vốn trên 98 triệu USD, đứng thứ 25/117 quốc gia, vùng lãnh thổ đầu tư trên địa bàn TP.HCM; với tổng kim ngạch thương mại song phương đạt gần 2 tỉ USD.</p>\n<!-- /wp:paragraph -->\n\n<!-- wp:image {\"linkDestination\":\"custom\"} -->\n<figure class=\"wp-block-image\"><a href=\"https://images2.thanhnien.vn/528068263637045248/2023/10/18/hinh-3-16976133622162009430088.jpg\" target=\"_blank\" rel=\"noreferrer noopener\"><img src=\"https://images2.thanhnien.vn/thumb_w/640/528068263637045248/2023/10/18/hinh-3-16976133622162009430088.jpg\" alt=\"Con tàu đặc biệt của Hải quân Ấn Độ thăm TP.HCM - Ảnh 2.\" title=\"Con tàu đặc biệt của Hải quân Ấn Độ thăm TP.HCM - Ảnh 2.\"/></a><figcaption class=\"wp-element-caption\">Ngoại trưởng Ấn Độ Subrahmanyam Jaishankar (trái) cùng Phó chủ tịch UBND TP.HCM Ngô Minh Châu (phải) thăm tàu</figcaption></figure>\n<!-- /wp:image -->\n\n<!-- wp:paragraph -->\n<p>\"Đây là lần thứ 3 tàu&nbsp;<a href=\"https://thanhnien.vn/hai-quan-an-do.html\" target=\"_blank\" rel=\"noreferrer noopener\">hải quân Ấn Độ</a>&nbsp;thăm Việt Nam trong năm nay; là lần thứ 3 tàu hải quân Ấn Độ thăm TP.HCM trong năm 2022 và 2023. Với người dân TP.HCM, tàu hải quân Ấn Độ có một dấu ấn đặc biệt. Vào tháng 8.2021, khi TP.HCM là tâm dịch của đại dịch Covid-19, tàu hải quân Ấn Độ đã cập cảng Nhà Rồng, mang theo 100 tấn oxy hóa lỏng và 300 máy thở để hỗ trợ Chính phủ và nhân dân Việt Nam trong cuộc chiến chống lại đại dịch Covid-19. Điều này cho thấy tình đoàn kết và sẻ chia mà Chính phủ và nhân dân Ấn Độ dành cho Việt Nam trong hoàn cảnh khó khăn\", ông Ngô Minh Châu cho biết.</p>\n<!-- /wp:paragraph -->\n\n<!-- wp:paragraph -->\n<p>Khi ông Ngô Minh Châu đề cập những chuyến thăm TP.HCM và Việt Nam thường xuyên của các tàu Hải quân Ấn Độ, Ngoại trưởng Jaishankar nói hóm hỉnh: \"Tàu hải quân của nước tôi cũng có thói quen lui tới thăm viếng các bạn\".</p>\n<!-- /wp:paragraph -->\n\n<!-- wp:image {\"linkDestination\":\"custom\"} -->\n<figure class=\"wp-block-image\"><a href=\"https://images2.thanhnien.vn/528068263637045248/2023/10/18/hinh-5-16976133622981988774478.jpg\" target=\"_blank\" rel=\"noreferrer noopener\"><img src=\"https://images2.thanhnien.vn/thumb_w/640/528068263637045248/2023/10/18/hinh-5-16976133622981988774478.jpg\" alt=\"Con tàu đặc biệt của Hải quân Ấn Độ thăm TP.HCM - Ảnh 3.\" title=\"Con tàu đặc biệt của Hải quân Ấn Độ thăm TP.HCM - Ảnh 3.\"/></a><figcaption class=\"wp-element-caption\">Ngoại trưởng Jaishankar (giữa)</figcaption></figure>\n<!-- /wp:image -->\n\n<!-- wp:paragraph -->\n<p>Ngoại trưởng Jaishankar cũng nhắc lại một thực tế ít ai biết đến: \"Việt Nam đến nay là quốc gia duy nhất Ấn Độ trao tặng tàu hộ vệ tên lửa được trang bị đầy đủ và sẵn sàng tác chiến\". Điều này phản ánh sự thắt chặt hơn nữa trong cam kết hợp tác song phương, theo ông.</p>\n<!-- /wp:paragraph -->\n\n<!-- wp:paragraph -->\n<p>Nhà ngoại giao khẳng định chuyến thăm của tàu INS Sudarshini là minh chứng cho thấy mối quan hệ hợp tác giữa Việt Nam và Ấn Độ, không những trong hiện tại mà còn là truyền thống song phương lần ngược về cách đây 1.000 năm.</p>\n<!-- /wp:paragraph -->\n\n<!-- wp:paragraph -->\n<p>Chuyến thăm của tàu INS Sudarshini và lực lượng Hải quân Ấn Độ tới Việt Nam hứa hẹn thúc đẩy hợp tác giữa lực lượng hải quân hai nước và đóng vai trò như sợi dây gắn kết giữa Chính phủ và nhân dân hai bên, góp phần vào hòa bình, an ninh và ổn định ở khu vực và trên toàn cầu.</p>\n<!-- /wp:paragraph -->\n\n<!-- wp:image {\"linkDestination\":\"custom\"} -->\n<figure class=\"wp-block-image\"><a href=\"https://images2.thanhnien.vn/528068263637045248/2023/10/18/hinh-4-16976133622491346743642.jpg\" target=\"_blank\" rel=\"noreferrer noopener\"><img src=\"https://images2.thanhnien.vn/thumb_w/640/528068263637045248/2023/10/18/hinh-4-16976133622491346743642.jpg\" alt=\"Con tàu đặc biệt của Hải quân Ấn Độ thăm TP.HCM - Ảnh 4.\" title=\"Con tàu đặc biệt của Hải quân Ấn Độ thăm TP.HCM - Ảnh 4.\"/></a><figcaption class=\"wp-element-caption\">Trung tá Kamal Singh Rana, chỉ huy tàu INS Sudarshini, giới thiệu tàu cho quan khách Ấn Độ và Việt Nam</figcaption></figure>\n<!-- /wp:image -->\n\n<!-- wp:heading -->\n<h2 class=\"wp-block-heading\">Điểm đặc biệt của tàu buồm huấn luyện</h2>\n<!-- /wp:heading -->\n\n<!-- wp:paragraph -->\n<p>Được biên chế năm 2012 ở Kochi (bang Kerala), INS Sudarshini là&nbsp;<a href=\"https://thanhnien.vn/tau-buom-huan-luyen.html\" target=\"_blank\" rel=\"noreferrer noopener\">tàu buồm huấn luyện</a>&nbsp;dài 54 m, rộng 8,5 m, mớn nước 4,8 m, lượng choán nước 430 tấn.</p>\n<!-- /wp:paragraph -->\n\n<!-- wp:paragraph -->\n<p>Tàu có 20 cánh buồm, với tổng diện tích buồm lên đến 1.035 m<sup>2</sup>. INS Sudarshini là một trong hai tàu cùng loại được đóng nội địa, xuất xưởng từ hãng tàu Goa Shipyard. Cùng với tàu chị em INS Tarangini, INS Sudarshini cấu thành nên đơn vị huấn luyện điều khiển tàu buồm của Đội tàu Huấn luyện số 1, với cảng nhà ở Kochi và thuộc Bộ Tư lệnh Hải quân miền Nam của Hải quân Ấn Độ.</p>\n<!-- /wp:paragraph -->\n\n<!-- wp:paragraph -->\n<p>Trả lời báo&nbsp;<em>Thanh Niên</em>, trung tá Kamal Singh Rana, chỉ huy tàu INS Sudarshini, giải thích, bên cạnh những tàu chiến có vũ khí khác, tàu như INS Sudarshini được chế tạo nhằm phục vụ công tác huấn luyện kỹ năng vận hành hàng hải của các thủy thủ, giúp họ làm quen với các trạng thái của gió, dòng chảy, biển và thời tiết.</p>\n<!-- /wp:paragraph -->\n\n<!-- wp:image {\"linkDestination\":\"custom\"} -->\n<figure class=\"wp-block-image\"><a href=\"https://images2.thanhnien.vn/528068263637045248/2023/10/18/hinh-6-16976133623521485456946.jpg\" target=\"_blank\" rel=\"noreferrer noopener\"><img src=\"https://images2.thanhnien.vn/thumb_w/640/528068263637045248/2023/10/18/hinh-6-16976133623521485456946.jpg\" alt=\"Con tàu đặc biệt của Hải quân Ấn Độ thăm TP.HCM - Ảnh 5.\" title=\"Con tàu đặc biệt của Hải quân Ấn Độ thăm TP.HCM - Ảnh 5.\"/></a><figcaption class=\"wp-element-caption\">Chuyến thăm thắt chặt quan hệ giữa hải quân và nhân dân hai nước</figcaption></figure>\n<!-- /wp:image -->\n\n<!-- wp:paragraph -->\n<p>Chỉ huy Rana cho biết, vào thời điểm cập cảng Sài Gòn, con tàu có 9 sĩ quan, 50 thủy thủ. Ba mươi học viên hải quân tham gia huấn luyện theo tàu đã xuống cảng ở Singapore trước khi INS Sudarshini đến Việt Nam.</p>\n<!-- /wp:paragraph -->\n\n<!-- wp:paragraph -->\n<p>\"Tàu của chúng tôi đi khắp thế giới, đến những quốc gia thân hữu, và cùng nhau huấn luyện cách thức lái tàu buồm giữa các lực lượng hải quân hữu nghị\", theo trung tá Rana. Điểm đến kế tiếp sau khi rời Việt Nam của tàu INS Sudarshini là Indonesia.</p>\n<!-- /wp:paragraph -->', 'Con tàu đặc biệt của Hải quân Ấn Độ thăm TP.HCM', '', 'publish', 'open', 'open', '', 'con-tau-dac-biet-cua-hai-quan-an-do-tham-tp-hcm', '', '', '2023-10-18 15:13:55', '2023-10-18 15:13:55', '', 0, 'http://localhost:82/NhomG_CMS_2023/?p=10', 0, 'post', '', 0),
(11, 1, '2023-10-18 14:53:44', '2023-10-18 14:53:44', '<!-- wp:heading -->\n<h2 class=\"wp-block-heading\">Hôm nay 18.10, tàu buồm huấn luyện INS Sudarshini của Hải quân Ấn Độ đã cập cảng Sài Gòn, bắt đầu chuyến thăm hữu nghị kéo dài 3 ngày tại TP.HCM.</h2>\n<!-- /wp:heading -->\n\n<!-- wp:image {\"linkDestination\":\"custom\"} -->\n<figure class=\"wp-block-image\"><a href=\"https://images2.thanhnien.vn/528068263637045248/2023/10/18/hinh-1-1697613362144689546706.jpg\" target=\"_blank\" rel=\"noreferrer noopener\"><img src=\"https://images2.thanhnien.vn/thumb_w/640/528068263637045248/2023/10/18/hinh-1-1697613362144689546706.jpg\" alt=\"Con tàu đặc biệt của Hải quân Ấn Độ thăm TP.HCM - Ảnh 1.\" title=\"Con tàu đặc biệt của Hải quân Ấn Độ thăm TP.HCM - Ảnh 1.\"/></a><figcaption class=\"wp-element-caption\">Tàu buồm huấn luyện INS Sudarshini thăm TP.HCM ngày 18.10</figcaption></figure>\n<!-- /wp:image -->\n\n<!-- wp:paragraph -->\n<p>Thượng tá Phan Anh Tuấn, Phó lữ đoàn trưởng Lữ đoàn 125 Vùng 2 Hải quân Việt Nam, đã đại diện đón đoàn của trung tá Kamal Singh Rana, chỉ huy&nbsp;<a href=\"https://thanhnien.vn/tau-ins-sudarshini.html\" target=\"_blank\" rel=\"noreferrer noopener\">tàu INS Sudarshini</a>.</p>\n<!-- /wp:paragraph -->\n\n<!-- wp:heading -->\n<h2 class=\"wp-block-heading\">Minh chứng cho quan hệ thắt chặt giữa Ấn Độ và Việt Nam</h2>\n<!-- /wp:heading -->\n\n<!-- wp:paragraph -->\n<p>Sau lễ đón,&nbsp;<a href=\"https://thanhnien.vn/ngoai-truong-an-do.html\" target=\"_blank\" rel=\"noreferrer noopener\">Ngoại trưởng Ấn Độ</a>&nbsp;Subrahmanyam Jaishankar cùng Phó chủ tịch UBND TP.HCM Ngô Minh Châu đã xuống thăm tàu INS Sudarshini và phát biểu chào mừng sự kiện.</p>\n<!-- /wp:paragraph -->\n\n<!-- wp:paragraph -->\n<p>Theo ông Ngô Minh Châu, hiện Ấn Độ có 206 dự án tại TP.HCM, với tổng vốn trên 98 triệu USD, đứng thứ 25/117 quốc gia, vùng lãnh thổ đầu tư trên địa bàn TP.HCM; với tổng kim ngạch thương mại song phương đạt gần 2 tỉ USD.</p>\n<!-- /wp:paragraph -->\n\n<!-- wp:image {\"linkDestination\":\"custom\"} -->\n<figure class=\"wp-block-image\"><a href=\"https://images2.thanhnien.vn/528068263637045248/2023/10/18/hinh-3-16976133622162009430088.jpg\" target=\"_blank\" rel=\"noreferrer noopener\"><img src=\"https://images2.thanhnien.vn/thumb_w/640/528068263637045248/2023/10/18/hinh-3-16976133622162009430088.jpg\" alt=\"Con tàu đặc biệt của Hải quân Ấn Độ thăm TP.HCM - Ảnh 2.\" title=\"Con tàu đặc biệt của Hải quân Ấn Độ thăm TP.HCM - Ảnh 2.\"/></a><figcaption class=\"wp-element-caption\">Ngoại trưởng Ấn Độ Subrahmanyam Jaishankar (trái) cùng Phó chủ tịch UBND TP.HCM Ngô Minh Châu (phải) thăm tàu</figcaption></figure>\n<!-- /wp:image -->\n\n<!-- wp:paragraph -->\n<p>\"Đây là lần thứ 3 tàu&nbsp;<a href=\"https://thanhnien.vn/hai-quan-an-do.html\" target=\"_blank\" rel=\"noreferrer noopener\">hải quân Ấn Độ</a>&nbsp;thăm Việt Nam trong năm nay; là lần thứ 3 tàu hải quân Ấn Độ thăm TP.HCM trong năm 2022 và 2023. Với người dân TP.HCM, tàu hải quân Ấn Độ có một dấu ấn đặc biệt. Vào tháng 8.2021, khi TP.HCM là tâm dịch của đại dịch Covid-19, tàu hải quân Ấn Độ đã cập cảng Nhà Rồng, mang theo 100 tấn oxy hóa lỏng và 300 máy thở để hỗ trợ Chính phủ và nhân dân Việt Nam trong cuộc chiến chống lại đại dịch Covid-19. Điều này cho thấy tình đoàn kết và sẻ chia mà Chính phủ và nhân dân Ấn Độ dành cho Việt Nam trong hoàn cảnh khó khăn\", ông Ngô Minh Châu cho biết.</p>\n<!-- /wp:paragraph -->\n\n<!-- wp:paragraph -->\n<p>Khi ông Ngô Minh Châu đề cập những chuyến thăm TP.HCM và Việt Nam thường xuyên của các tàu Hải quân Ấn Độ, Ngoại trưởng Jaishankar nói hóm hỉnh: \"Tàu hải quân của nước tôi cũng có thói quen lui tới thăm viếng các bạn\".</p>\n<!-- /wp:paragraph -->\n\n<!-- wp:image {\"linkDestination\":\"custom\"} -->\n<figure class=\"wp-block-image\"><a href=\"https://images2.thanhnien.vn/528068263637045248/2023/10/18/hinh-5-16976133622981988774478.jpg\" target=\"_blank\" rel=\"noreferrer noopener\"><img src=\"https://images2.thanhnien.vn/thumb_w/640/528068263637045248/2023/10/18/hinh-5-16976133622981988774478.jpg\" alt=\"Con tàu đặc biệt của Hải quân Ấn Độ thăm TP.HCM - Ảnh 3.\" title=\"Con tàu đặc biệt của Hải quân Ấn Độ thăm TP.HCM - Ảnh 3.\"/></a><figcaption class=\"wp-element-caption\">Ngoại trưởng Jaishankar (giữa)</figcaption></figure>\n<!-- /wp:image -->\n\n<!-- wp:paragraph -->\n<p>Ngoại trưởng Jaishankar cũng nhắc lại một thực tế ít ai biết đến: \"Việt Nam đến nay là quốc gia duy nhất Ấn Độ trao tặng tàu hộ vệ tên lửa được trang bị đầy đủ và sẵn sàng tác chiến\". Điều này phản ánh sự thắt chặt hơn nữa trong cam kết hợp tác song phương, theo ông.</p>\n<!-- /wp:paragraph -->\n\n<!-- wp:paragraph -->\n<p>Nhà ngoại giao khẳng định chuyến thăm của tàu INS Sudarshini là minh chứng cho thấy mối quan hệ hợp tác giữa Việt Nam và Ấn Độ, không những trong hiện tại mà còn là truyền thống song phương lần ngược về cách đây 1.000 năm.</p>\n<!-- /wp:paragraph -->\n\n<!-- wp:paragraph -->\n<p>Chuyến thăm của tàu INS Sudarshini và lực lượng Hải quân Ấn Độ tới Việt Nam hứa hẹn thúc đẩy hợp tác giữa lực lượng hải quân hai nước và đóng vai trò như sợi dây gắn kết giữa Chính phủ và nhân dân hai bên, góp phần vào hòa bình, an ninh và ổn định ở khu vực và trên toàn cầu.</p>\n<!-- /wp:paragraph -->\n\n<!-- wp:image {\"linkDestination\":\"custom\"} -->\n<figure class=\"wp-block-image\"><a href=\"https://images2.thanhnien.vn/528068263637045248/2023/10/18/hinh-4-16976133622491346743642.jpg\" target=\"_blank\" rel=\"noreferrer noopener\"><img src=\"https://images2.thanhnien.vn/thumb_w/640/528068263637045248/2023/10/18/hinh-4-16976133622491346743642.jpg\" alt=\"Con tàu đặc biệt của Hải quân Ấn Độ thăm TP.HCM - Ảnh 4.\" title=\"Con tàu đặc biệt của Hải quân Ấn Độ thăm TP.HCM - Ảnh 4.\"/></a><figcaption class=\"wp-element-caption\">Trung tá Kamal Singh Rana, chỉ huy tàu INS Sudarshini, giới thiệu tàu cho quan khách Ấn Độ và Việt Nam</figcaption></figure>\n<!-- /wp:image -->\n\n<!-- wp:heading -->\n<h2 class=\"wp-block-heading\">Điểm đặc biệt của tàu buồm huấn luyện</h2>\n<!-- /wp:heading -->\n\n<!-- wp:paragraph -->\n<p>Được biên chế năm 2012 ở Kochi (bang Kerala), INS Sudarshini là&nbsp;<a href=\"https://thanhnien.vn/tau-buom-huan-luyen.html\" target=\"_blank\" rel=\"noreferrer noopener\">tàu buồm huấn luyện</a>&nbsp;dài 54 m, rộng 8,5 m, mớn nước 4,8 m, lượng choán nước 430 tấn.</p>\n<!-- /wp:paragraph -->\n\n<!-- wp:paragraph -->\n<p>Tàu có 20 cánh buồm, với tổng diện tích buồm lên đến 1.035 m<sup>2</sup>. INS Sudarshini là một trong hai tàu cùng loại được đóng nội địa, xuất xưởng từ hãng tàu Goa Shipyard. Cùng với tàu chị em INS Tarangini, INS Sudarshini cấu thành nên đơn vị huấn luyện điều khiển tàu buồm của Đội tàu Huấn luyện số 1, với cảng nhà ở Kochi và thuộc Bộ Tư lệnh Hải quân miền Nam của Hải quân Ấn Độ.</p>\n<!-- /wp:paragraph -->\n\n<!-- wp:paragraph -->\n<p>Trả lời báo&nbsp;<em>Thanh Niên</em>, trung tá Kamal Singh Rana, chỉ huy tàu INS Sudarshini, giải thích, bên cạnh những tàu chiến có vũ khí khác, tàu như INS Sudarshini được chế tạo nhằm phục vụ công tác huấn luyện kỹ năng vận hành hàng hải của các thủy thủ, giúp họ làm quen với các trạng thái của gió, dòng chảy, biển và thời tiết.</p>\n<!-- /wp:paragraph -->\n\n<!-- wp:image {\"linkDestination\":\"custom\"} -->\n<figure class=\"wp-block-image\"><a href=\"https://images2.thanhnien.vn/528068263637045248/2023/10/18/hinh-6-16976133623521485456946.jpg\" target=\"_blank\" rel=\"noreferrer noopener\"><img src=\"https://images2.thanhnien.vn/thumb_w/640/528068263637045248/2023/10/18/hinh-6-16976133623521485456946.jpg\" alt=\"Con tàu đặc biệt của Hải quân Ấn Độ thăm TP.HCM - Ảnh 5.\" title=\"Con tàu đặc biệt của Hải quân Ấn Độ thăm TP.HCM - Ảnh 5.\"/></a><figcaption class=\"wp-element-caption\">Chuyến thăm thắt chặt quan hệ giữa hải quân và nhân dân hai nước</figcaption></figure>\n<!-- /wp:image -->\n\n<!-- wp:paragraph -->\n<p>Chỉ huy Rana cho biết, vào thời điểm cập cảng Sài Gòn, con tàu có 9 sĩ quan, 50 thủy thủ. Ba mươi học viên hải quân tham gia huấn luyện theo tàu đã xuống cảng ở Singapore trước khi INS Sudarshini đến Việt Nam.</p>\n<!-- /wp:paragraph -->\n\n<!-- wp:paragraph -->\n<p>\"Tàu của chúng tôi đi khắp thế giới, đến những quốc gia thân hữu, và cùng nhau huấn luyện cách thức lái tàu buồm giữa các lực lượng hải quân hữu nghị\", theo trung tá Rana. Điểm đến kế tiếp sau khi rời Việt Nam của tàu INS Sudarshini là Indonesia.</p>\n<!-- /wp:paragraph -->', 'Con tàu đặc biệt của Hải quân Ấn Độ thăm TP.HCM', '', 'inherit', 'closed', 'closed', '', '10-revision-v1', '', '', '2023-10-18 14:53:44', '2023-10-18 14:53:44', '', 10, 'http://localhost:82/NhomG_CMS_2023/?p=11', 0, 'revision', '', 0),
(12, 1, '2023-10-18 14:54:40', '2023-10-18 14:54:40', '<!-- wp:paragraph -->\n<p>Suốt thời gian qua,&nbsp;<a href=\"https://www.bongda.com.vn/Manchester+United-search/\" target=\"_blank\" rel=\"noreferrer noopener\">Manchester United</a>&nbsp;đã không có cho mình bất kỳ hậu vệ thực thụ nào bên hành lang cánh trái. Sau khi Sergio Reguilon gia nhập danh sách \"bệnh binh\", HLV Erik Ten Hag buộc phải bố trí Sofyan Amrabat thi đấu tại vị trí này, và ở trận đấu gần nhất thì Ten Hag đã đặt niềm tin vào Victor Lindelof. Nhưng hiển nhiên, họ cũng chỉ có thể làm tròn vai và không thể mang đến quá nhiều đóng góp cho Quỷ đỏ.</p>\n<!-- /wp:paragraph -->\n\n<!-- wp:paragraph -->\n<p>Dự kiến, tình hình sẽ sớm thay đổi bởi&nbsp;<a href=\"https://www.bongda.com.vn/Reguilon-search/\" target=\"_blank\" rel=\"noreferrer noopener\">Reguilon</a>&nbsp;nhiều khả năng sẽ tái xuất trong trận gặp Sheffield United cuối tuần này, và thậm chí anh còn được dự đoán sẽ đủ khả năng đá chính. Hiển nhiên, sự trở lại của ngôi sao người Tây Ban Nha sẽ là một cú hích quan trọng đối với Man Utd, trong bối cảnh Reguilon đã thi đấu với phong độ khá ấn tượng trước khi phải ngồi ngoài vì chấn thương.</p>\n<!-- /wp:paragraph -->\n\n<!-- wp:list -->\n<ul><!-- wp:list-item -->\n<li><a href=\"https://www.bongda.com.vn/ratcliffe-goi-chu-ky-70-trieu-bang-cua-man-utd-la-thieu-than-trong-d704024.html\">Ratcliffe gọi chữ ký 70 triệu bảng của Man Utd là \"thiếu thận trọng\"</a></li>\n<!-- /wp:list-item -->\n\n<!-- wp:list-item -->\n<li><a href=\"https://www.bongda.com.vn/nong-man-utd-san-sang-tong-khu-2-bom-xit-ngay-trong-thang-mot-d703985.html\">NÓNG! Man Utd sẵn sàng tống khứ 2 bom xịt ngay trong tháng Một</a></li>\n<!-- /wp:list-item --></ul>\n<!-- /wp:list -->\n\n<!-- wp:image -->\n<figure class=\"wp-block-image\"><img src=\"https://media.bongda.com.vn/files/anh.nguyen/2023/09/24/reguilon-0822.jpg\" alt=\"chấm điểm MU - Bóng Đá\"/><figcaption class=\"wp-element-caption\">&nbsp;Reguilon trên đường trở lại.</figcaption></figure>\n<!-- /wp:image -->\n\n<!-- wp:paragraph -->\n<p>Sau trận hòa 1-1 giữa tuyển Brazil và ĐT Venezuela, xuất hiện nhiều báo cáo cho thấy Casemiro đã bị trẹo mắt cá chân và có khả năng phải tạm nghỉ thi đấu. Dù vậy, tình hình của Casemiro không nghiêm trọng như dự đoán. Anh thực chất cũng không dính chấn thương và đã có thể nhanh chóng trở lại tập luyện cùng Brazil, trước khi góp mặt trong&nbsp;<a href=\"https://www.bongda.com.vn/nunez-hoa-sat-thu-uruguay-diet-gon-brazil-d703977.html\" target=\"_blank\" rel=\"noreferrer noopener\">trận thua ĐT Uruguay sáng nay.</a></p>\n<!-- /wp:paragraph -->\n\n<!-- wp:paragraph -->\n<p>Tất nhiên, dù đã sa sút phong độ, nhưng Casemiro vẫn là một mắt xích quan trọng trong đội hình của Man Utd. Trên thực tế, Ten Hag cũng không có bất kỳ tiền vệ phòng ngự thực thụ nào để trực tiếp thay thế Casemiro nếu anh dính chấn thương, bởi Sofyan Amrabat và Scott McTominay đều được xem như những tiền vệ con thoi thay vì chủ yếu tập trung vào mặt trận phòng ngự như Casemiro.</p>\n<!-- /wp:paragraph -->\n\n<!-- wp:image -->\n<figure class=\"wp-block-image\"><img src=\"https://media.bongda.com.vn/files/hai.phan/2023/10/18/ge-globo-casemiro-has-twisted-his-ankle-and-it-is-badly-v0-0t6_8srpze7jjmr8n97jucuatxdq3j8qwvc9jgr5jh0-1544.jpg\" alt=\"Cú lừa Casemiro xuất hiện - Bóng Đá\"/><figcaption class=\"wp-element-caption\">&nbsp;Casemiro vẫn đủ khả năng thi đấu.&nbsp;</figcaption></figure>\n<!-- /wp:image -->\n\n<!-- wp:paragraph -->\n<p>Sau cùng, Man Utd cũng sẽ đón chào sự trở lại của Raphael Varane, người đã bất ngờ vắng mặt trong trận thắng Brentford do dính chấn thương nhẹ. Hàng phòng ngự của Man Utd vốn đang gặp nhiều vấn đề với việc Lisandro Martinez vắng mặt và Andre Onana chưa thể lấy lại phong độ, nên chắc chắn việc Varane có thể thi đấu trở lại sẽ mang ý nghĩa rất lớn đối với Quỷ đỏ.</p>\n<!-- /wp:paragraph -->\n\n<!-- wp:paragraph -->\n<p><strong>1 cú sốc</strong></p>\n<!-- /wp:paragraph -->\n\n<!-- wp:paragraph -->\n<p>Trong cuộc đối đầu giữa ĐT Morocco và tuyển Liberia rạng sáng nay, Sofyan Amrabat đã tiếp tục vắng mặt sau khi ngồi ngoài trong trận gặp ĐT Bờ Biển Ngà. Theo xác nhận từ HLV Walid Regragui, chấn thương là lý do khiến ngôi sao thuộc biên chế Fiorentina không thể ra sân, nhưng ông lại không tiết lộ cụ thể về vấn đề mà tiền vệ này gặp phải.</p>\n<!-- /wp:paragraph -->\n\n<!-- wp:image -->\n<figure class=\"wp-block-image\"><img src=\"https://media.bongda.com.vn/files/hai.phan/2023/10/07/amrabat-0742.jpg\" alt=\" - Bóng Đá\"/><figcaption class=\"wp-element-caption\">&nbsp;Amrabat bất ngờ dính chấn thương.&nbsp;</figcaption></figure>\n<!-- /wp:image -->\n\n<!-- wp:paragraph -->\n<p>Nếu Amrabat không kịp hồi phục thể lực để ra sân cuối tuần này, hiển nhiên Man Utd sẽ phải đón nhận một tổn thất lớn trong bối cảnh tuyến giữa của Quỷ đỏ vẫn chưa tìm thấy sự ổn định. Điều đáng nói, ngay trong lần đầu tiên được đá chính ở vị trí tiền vệ, Amrabat đã tỏa sáng với một màn trình diễn ấn tượng trước Brentford.&nbsp;</p>\n<!-- /wp:paragraph -->', 'M.U đón 3 cú hích; 1 cú sốc ập đến Old Trafford', '', 'publish', 'open', 'open', '', 'm-u-don-3-cu-hich-1-cu-soc-ap-den-old-trafford', '', '', '2023-10-18 15:13:28', '2023-10-18 15:13:28', '', 0, 'http://localhost:82/NhomG_CMS_2023/?p=12', 0, 'post', '', 0);
INSERT INTO `wp_v613posts` (`ID`, `post_author`, `post_date`, `post_date_gmt`, `post_content`, `post_title`, `post_excerpt`, `post_status`, `comment_status`, `ping_status`, `post_password`, `post_name`, `to_ping`, `pinged`, `post_modified`, `post_modified_gmt`, `post_content_filtered`, `post_parent`, `guid`, `menu_order`, `post_type`, `post_mime_type`, `comment_count`) VALUES
(13, 1, '2023-10-18 14:54:40', '2023-10-18 14:54:40', '<!-- wp:paragraph -->\n<p>Suốt thời gian qua,&nbsp;<a href=\"https://www.bongda.com.vn/Manchester+United-search/\" target=\"_blank\" rel=\"noreferrer noopener\">Manchester United</a>&nbsp;đã không có cho mình bất kỳ hậu vệ thực thụ nào bên hành lang cánh trái. Sau khi Sergio Reguilon gia nhập danh sách \"bệnh binh\", HLV Erik Ten Hag buộc phải bố trí Sofyan Amrabat thi đấu tại vị trí này, và ở trận đấu gần nhất thì Ten Hag đã đặt niềm tin vào Victor Lindelof. Nhưng hiển nhiên, họ cũng chỉ có thể làm tròn vai và không thể mang đến quá nhiều đóng góp cho Quỷ đỏ.</p>\n<!-- /wp:paragraph -->\n\n<!-- wp:paragraph -->\n<p>Dự kiến, tình hình sẽ sớm thay đổi bởi&nbsp;<a href=\"https://www.bongda.com.vn/Reguilon-search/\" target=\"_blank\" rel=\"noreferrer noopener\">Reguilon</a>&nbsp;nhiều khả năng sẽ tái xuất trong trận gặp Sheffield United cuối tuần này, và thậm chí anh còn được dự đoán sẽ đủ khả năng đá chính. Hiển nhiên, sự trở lại của ngôi sao người Tây Ban Nha sẽ là một cú hích quan trọng đối với Man Utd, trong bối cảnh Reguilon đã thi đấu với phong độ khá ấn tượng trước khi phải ngồi ngoài vì chấn thương.</p>\n<!-- /wp:paragraph -->\n\n<!-- wp:list -->\n<ul><!-- wp:list-item -->\n<li><a href=\"https://www.bongda.com.vn/ratcliffe-goi-chu-ky-70-trieu-bang-cua-man-utd-la-thieu-than-trong-d704024.html\">Ratcliffe gọi chữ ký 70 triệu bảng của Man Utd là \"thiếu thận trọng\"</a></li>\n<!-- /wp:list-item -->\n\n<!-- wp:list-item -->\n<li><a href=\"https://www.bongda.com.vn/nong-man-utd-san-sang-tong-khu-2-bom-xit-ngay-trong-thang-mot-d703985.html\">NÓNG! Man Utd sẵn sàng tống khứ 2 bom xịt ngay trong tháng Một</a></li>\n<!-- /wp:list-item --></ul>\n<!-- /wp:list -->\n\n<!-- wp:image -->\n<figure class=\"wp-block-image\"><img src=\"https://media.bongda.com.vn/files/anh.nguyen/2023/09/24/reguilon-0822.jpg\" alt=\"chấm điểm MU - Bóng Đá\"/><figcaption class=\"wp-element-caption\">&nbsp;Reguilon trên đường trở lại.</figcaption></figure>\n<!-- /wp:image -->\n\n<!-- wp:paragraph -->\n<p>Sau trận hòa 1-1 giữa tuyển Brazil và ĐT Venezuela, xuất hiện nhiều báo cáo cho thấy Casemiro đã bị trẹo mắt cá chân và có khả năng phải tạm nghỉ thi đấu. Dù vậy, tình hình của Casemiro không nghiêm trọng như dự đoán. Anh thực chất cũng không dính chấn thương và đã có thể nhanh chóng trở lại tập luyện cùng Brazil, trước khi góp mặt trong&nbsp;<a href=\"https://www.bongda.com.vn/nunez-hoa-sat-thu-uruguay-diet-gon-brazil-d703977.html\" target=\"_blank\" rel=\"noreferrer noopener\">trận thua ĐT Uruguay sáng nay.</a></p>\n<!-- /wp:paragraph -->\n\n<!-- wp:paragraph -->\n<p>Tất nhiên, dù đã sa sút phong độ, nhưng Casemiro vẫn là một mắt xích quan trọng trong đội hình của Man Utd. Trên thực tế, Ten Hag cũng không có bất kỳ tiền vệ phòng ngự thực thụ nào để trực tiếp thay thế Casemiro nếu anh dính chấn thương, bởi Sofyan Amrabat và Scott McTominay đều được xem như những tiền vệ con thoi thay vì chủ yếu tập trung vào mặt trận phòng ngự như Casemiro.</p>\n<!-- /wp:paragraph -->\n\n<!-- wp:image -->\n<figure class=\"wp-block-image\"><img src=\"https://media.bongda.com.vn/files/hai.phan/2023/10/18/ge-globo-casemiro-has-twisted-his-ankle-and-it-is-badly-v0-0t6_8srpze7jjmr8n97jucuatxdq3j8qwvc9jgr5jh0-1544.jpg\" alt=\"Cú lừa Casemiro xuất hiện - Bóng Đá\"/><figcaption class=\"wp-element-caption\">&nbsp;Casemiro vẫn đủ khả năng thi đấu.&nbsp;</figcaption></figure>\n<!-- /wp:image -->\n\n<!-- wp:paragraph -->\n<p>Sau cùng, Man Utd cũng sẽ đón chào sự trở lại của Raphael Varane, người đã bất ngờ vắng mặt trong trận thắng Brentford do dính chấn thương nhẹ. Hàng phòng ngự của Man Utd vốn đang gặp nhiều vấn đề với việc Lisandro Martinez vắng mặt và Andre Onana chưa thể lấy lại phong độ, nên chắc chắn việc Varane có thể thi đấu trở lại sẽ mang ý nghĩa rất lớn đối với Quỷ đỏ.</p>\n<!-- /wp:paragraph -->\n\n<!-- wp:paragraph -->\n<p><strong>1 cú sốc</strong></p>\n<!-- /wp:paragraph -->\n\n<!-- wp:paragraph -->\n<p>Trong cuộc đối đầu giữa ĐT Morocco và tuyển Liberia rạng sáng nay, Sofyan Amrabat đã tiếp tục vắng mặt sau khi ngồi ngoài trong trận gặp ĐT Bờ Biển Ngà. Theo xác nhận từ HLV Walid Regragui, chấn thương là lý do khiến ngôi sao thuộc biên chế Fiorentina không thể ra sân, nhưng ông lại không tiết lộ cụ thể về vấn đề mà tiền vệ này gặp phải.</p>\n<!-- /wp:paragraph -->\n\n<!-- wp:image -->\n<figure class=\"wp-block-image\"><img src=\"https://media.bongda.com.vn/files/hai.phan/2023/10/07/amrabat-0742.jpg\" alt=\" - Bóng Đá\"/><figcaption class=\"wp-element-caption\">&nbsp;Amrabat bất ngờ dính chấn thương.&nbsp;</figcaption></figure>\n<!-- /wp:image -->\n\n<!-- wp:paragraph -->\n<p>Nếu Amrabat không kịp hồi phục thể lực để ra sân cuối tuần này, hiển nhiên Man Utd sẽ phải đón nhận một tổn thất lớn trong bối cảnh tuyến giữa của Quỷ đỏ vẫn chưa tìm thấy sự ổn định. Điều đáng nói, ngay trong lần đầu tiên được đá chính ở vị trí tiền vệ, Amrabat đã tỏa sáng với một màn trình diễn ấn tượng trước Brentford.&nbsp;</p>\n<!-- /wp:paragraph -->', 'M.U đón 3 cú hích; 1 cú sốc ập đến Old Trafford', '', 'inherit', 'closed', 'closed', '', '12-revision-v1', '', '', '2023-10-18 14:54:40', '2023-10-18 14:54:40', '', 12, 'http://localhost:82/NhomG_CMS_2023/?p=13', 0, 'revision', '', 0),
(14, 1, '2023-10-18 14:56:33', '2023-10-18 14:56:33', '<!-- wp:image -->\n<figure class=\"wp-block-image\"><img src=\"https://bachlongmobile.com/bnews/wp-content/uploads/2023/09/iphone-12-gay-ung-thu-min.png\" alt=\"Apple phản hồi vụ iPhone 12 gây ung thư vì ‘phát ra quá nhiều bức xạ’\"/></figure>\n<!-- /wp:image -->\n\n<!-- wp:paragraph -->\n<p><em>Apple đã chính thức phản hồi về vụ việc Cơ quan Điều tiết tần số vô tuyến Pháp (ANFR) yêu cầu ngừng bán dòng iPhone 12 do vi phạm quy định về bức xạ. Theo thông tin từ Hãng tin Reuters vào ngày 14/9 (theo giờ Việt Nam), hãng công nghệ này đã phát thông cáo chính thức để làm rõ vấn đề.</em></p>\n<!-- /wp:paragraph -->\n\n<!-- wp:paragraph -->\n<p>Trong thông cáo, Apple đã khẳng định rằng các mẫu iPhone 12 của họ đã được kiểm định và chứng nhận tuân thủ các tiêu chuẩn toàn cầu về bức xạ bởi nhiều tổ chức quốc tế. Hãng này cũng tuyên bố đã cung cấp kết quả kiểm nghiệm từ cả bên Apple và các phòng thí nghiệm độc lập cho ANFR. Do đó, Apple đang lên án quyết định cấm bán của ANFR và sẽ tiến hành khiếu nại tuyên bố này.</p>\n<!-- /wp:paragraph -->\n\n<!-- wp:paragraph -->\n<p>Trước đó, vào ngày 13/9, ANFR đã ra lệnh yêu cầu Apple ngừng bày bán iPhone 12 tại Pháp, với lý do chỉ số tỉ lệ hấp thụ theo khối lượng (Specific Absorption Rate – SAR) của dòng sản phẩm này quá mức cho phép.</p>\n<!-- /wp:paragraph -->\n\n<!-- wp:image {\"id\":124625} -->\n<figure class=\"wp-block-image\"><img src=\"https://bachlongmobile.com/bnews/wp-content/uploads/2023/09/image-111.png\" alt=\"Apple phản hồi vụ iPhone 12 gây ung thư vì ‘phát ra quá nhiều bức xạ’\" class=\"wp-image-124625\"/></figure>\n<!-- /wp:image -->\n\n<!-- wp:paragraph -->\n<p>SAR là một chỉ số đo lường lượng năng lượng tần số vô tuyến phát ra từ thiết bị điện tử mà cơ thể con người hấp thụ. Đây là một công cụ quan trọng để đánh giá tác động của bức xạ từ các thiết bị đối với sức khỏe người dùng.</p>\n<!-- /wp:paragraph -->\n\n<!-- wp:paragraph -->\n<p>ANFR cũng đã thông báo rằng họ sẽ gửi nhân viên đến các cửa hàng của Apple và các nhà phân phối để đảm bảo rằng iPhone 12 đã ngừng kinh doanh. Nếu phát hiện vi phạm, ANFR sẽ yêu cầu thu hồi tất cả các iPhone 12 đã được bán ra.</p>\n<!-- /wp:paragraph -->\n\n<!-- wp:paragraph -->\n<p>Tuy nhiên, tác động của vụ việc này không chỉ giới hạn trong lãnh thổ Pháp. Cơ quan quản lý mạng của Đức, BNetzA, đã tuyên bố rằng họ có khả năng thực hiện một quy trình tương tự dựa trên các tư liệu từ ANFR.</p>\n<!-- /wp:paragraph -->\n\n<!-- wp:paragraph -->\n<p>Nhiều chuyên gia đã thể hiện quan điểm về tình huống này. Họ cho rằng các mức giới hạn SAR hiện tại đã thiết lập thấp hơn ít nhất 10 lần so với mức được coi là có thể gây hại đối với sức khỏe con người, theo những nghiên cứu khoa học.</p>\n<!-- /wp:paragraph -->\n\n<!-- wp:image {\"id\":124624} -->\n<figure class=\"wp-block-image\"><img src=\"https://bachlongmobile.com/bnews/wp-content/uploads/2023/09/image-110.png\" alt=\"Apple phản hồi vụ iPhone 12 gây ung thư vì ‘phát ra quá nhiều bức xạ’\" class=\"wp-image-124624\"/></figure>\n<!-- /wp:image -->\n\n<!-- wp:paragraph -->\n<p><em>Một tổ chức quản lý tại Pháp đã yêu cầu Apple ngừng bán iPhone 12 trên thị trường vì nó phát ra mức độ bức xạ điện từ quá cao. Cơ quan Giám sát Tần số Quốc gia (ANFR), cơ quan theo dõi tiếp xúc của công chúng với bức xạ, đã kêu gọi Apple “thực hiện tất cả các biện pháp có sẵn để khắc phục sự cố này một cách nhanh chóng”, trong một tuyên bố được đưa ra vào ngày Thứ Ba, 12 tháng 9 năm 2023.</em></p>\n<!-- /wp:paragraph -->\n\n<!-- wp:paragraph -->\n<p>Do đó, giáo sư Rodney Croft, người đứng đầu Ủy ban quốc tế về bảo vệ bức xạ không ion hóa (ICNIRP), đã đưa ra quan điểm rằng việc vi phạm quy định về SAR không hẳn là dấu hiệu của mối đe dọa đối với sức khỏe con người. ICNIRP là tổ chức quốc tế đã đề ra các quy định về giới hạn SAR cho thiết bị điện tử.</p>\n<!-- /wp:paragraph -->\n\n<!-- wp:paragraph -->\n<p>Ông Croft cũng đã lý giải rằng sự khác biệt trong việc đo SAR giữa ANFR và Apple có thể xuất phát từ phương pháp đo khác nhau. ANFR đã đo lượng bức xạ tiếp xúc trực tiếp với da, trong khi không xem xét các yếu tố trung gian như quần áo. Một nguồn tin trong Chính phủ Pháp cũng đã xác nhận rằng phương thức đo của ANFR là khác biệt so với Apple.</p>\n<!-- /wp:paragraph -->', 'Apple phản hồi vụ iPhone 12 gây ung thư vì ‘phát ra quá nhiều bức xạ’', '', 'publish', 'open', 'open', '', 'apple-phan-hoi-vu-iphone-12-gay-ung-thu-vi-phat-ra-qua-nhieu-buc-xa', '', '', '2023-10-18 15:12:52', '2023-10-18 15:12:52', '', 0, 'http://localhost:82/NhomG_CMS_2023/?p=14', 0, 'post', '', 1),
(15, 1, '2023-10-18 14:56:33', '2023-10-18 14:56:33', '<!-- wp:image -->\n<figure class=\"wp-block-image\"><img src=\"https://bachlongmobile.com/bnews/wp-content/uploads/2023/09/iphone-12-gay-ung-thu-min.png\" alt=\"Apple phản hồi vụ iPhone 12 gây ung thư vì ‘phát ra quá nhiều bức xạ’\"/></figure>\n<!-- /wp:image -->\n\n<!-- wp:paragraph -->\n<p><em>Apple đã chính thức phản hồi về vụ việc Cơ quan Điều tiết tần số vô tuyến Pháp (ANFR) yêu cầu ngừng bán dòng iPhone 12 do vi phạm quy định về bức xạ. Theo thông tin từ Hãng tin Reuters vào ngày 14/9 (theo giờ Việt Nam), hãng công nghệ này đã phát thông cáo chính thức để làm rõ vấn đề.</em></p>\n<!-- /wp:paragraph -->\n\n<!-- wp:paragraph -->\n<p>Trong thông cáo, Apple đã khẳng định rằng các mẫu iPhone 12 của họ đã được kiểm định và chứng nhận tuân thủ các tiêu chuẩn toàn cầu về bức xạ bởi nhiều tổ chức quốc tế. Hãng này cũng tuyên bố đã cung cấp kết quả kiểm nghiệm từ cả bên Apple và các phòng thí nghiệm độc lập cho ANFR. Do đó, Apple đang lên án quyết định cấm bán của ANFR và sẽ tiến hành khiếu nại tuyên bố này.</p>\n<!-- /wp:paragraph -->\n\n<!-- wp:paragraph -->\n<p>Trước đó, vào ngày 13/9, ANFR đã ra lệnh yêu cầu Apple ngừng bày bán iPhone 12 tại Pháp, với lý do chỉ số tỉ lệ hấp thụ theo khối lượng (Specific Absorption Rate – SAR) của dòng sản phẩm này quá mức cho phép.</p>\n<!-- /wp:paragraph -->\n\n<!-- wp:image {\"id\":124625} -->\n<figure class=\"wp-block-image\"><img src=\"https://bachlongmobile.com/bnews/wp-content/uploads/2023/09/image-111.png\" alt=\"Apple phản hồi vụ iPhone 12 gây ung thư vì ‘phát ra quá nhiều bức xạ’\" class=\"wp-image-124625\"/></figure>\n<!-- /wp:image -->\n\n<!-- wp:paragraph -->\n<p>SAR là một chỉ số đo lường lượng năng lượng tần số vô tuyến phát ra từ thiết bị điện tử mà cơ thể con người hấp thụ. Đây là một công cụ quan trọng để đánh giá tác động của bức xạ từ các thiết bị đối với sức khỏe người dùng.</p>\n<!-- /wp:paragraph -->\n\n<!-- wp:paragraph -->\n<p>ANFR cũng đã thông báo rằng họ sẽ gửi nhân viên đến các cửa hàng của Apple và các nhà phân phối để đảm bảo rằng iPhone 12 đã ngừng kinh doanh. Nếu phát hiện vi phạm, ANFR sẽ yêu cầu thu hồi tất cả các iPhone 12 đã được bán ra.</p>\n<!-- /wp:paragraph -->\n\n<!-- wp:paragraph -->\n<p>Tuy nhiên, tác động của vụ việc này không chỉ giới hạn trong lãnh thổ Pháp. Cơ quan quản lý mạng của Đức, BNetzA, đã tuyên bố rằng họ có khả năng thực hiện một quy trình tương tự dựa trên các tư liệu từ ANFR.</p>\n<!-- /wp:paragraph -->\n\n<!-- wp:paragraph -->\n<p>Nhiều chuyên gia đã thể hiện quan điểm về tình huống này. Họ cho rằng các mức giới hạn SAR hiện tại đã thiết lập thấp hơn ít nhất 10 lần so với mức được coi là có thể gây hại đối với sức khỏe con người, theo những nghiên cứu khoa học.</p>\n<!-- /wp:paragraph -->\n\n<!-- wp:image {\"id\":124624} -->\n<figure class=\"wp-block-image\"><img src=\"https://bachlongmobile.com/bnews/wp-content/uploads/2023/09/image-110.png\" alt=\"Apple phản hồi vụ iPhone 12 gây ung thư vì ‘phát ra quá nhiều bức xạ’\" class=\"wp-image-124624\"/></figure>\n<!-- /wp:image -->\n\n<!-- wp:paragraph -->\n<p><em>Một tổ chức quản lý tại Pháp đã yêu cầu Apple ngừng bán iPhone 12 trên thị trường vì nó phát ra mức độ bức xạ điện từ quá cao. Cơ quan Giám sát Tần số Quốc gia (ANFR), cơ quan theo dõi tiếp xúc của công chúng với bức xạ, đã kêu gọi Apple “thực hiện tất cả các biện pháp có sẵn để khắc phục sự cố này một cách nhanh chóng”, trong một tuyên bố được đưa ra vào ngày Thứ Ba, 12 tháng 9 năm 2023.</em></p>\n<!-- /wp:paragraph -->\n\n<!-- wp:paragraph -->\n<p>Do đó, giáo sư Rodney Croft, người đứng đầu Ủy ban quốc tế về bảo vệ bức xạ không ion hóa (ICNIRP), đã đưa ra quan điểm rằng việc vi phạm quy định về SAR không hẳn là dấu hiệu của mối đe dọa đối với sức khỏe con người. ICNIRP là tổ chức quốc tế đã đề ra các quy định về giới hạn SAR cho thiết bị điện tử.</p>\n<!-- /wp:paragraph -->\n\n<!-- wp:paragraph -->\n<p>Ông Croft cũng đã lý giải rằng sự khác biệt trong việc đo SAR giữa ANFR và Apple có thể xuất phát từ phương pháp đo khác nhau. ANFR đã đo lượng bức xạ tiếp xúc trực tiếp với da, trong khi không xem xét các yếu tố trung gian như quần áo. Một nguồn tin trong Chính phủ Pháp cũng đã xác nhận rằng phương thức đo của ANFR là khác biệt so với Apple.</p>\n<!-- /wp:paragraph -->', 'Apple phản hồi vụ iPhone 12 gây ung thư vì ‘phát ra quá nhiều bức xạ’', '', 'inherit', 'closed', 'closed', '', '14-revision-v1', '', '', '2023-10-18 14:56:33', '2023-10-18 14:56:33', '', 14, 'http://localhost:82/NhomG_CMS_2023/?p=15', 0, 'revision', '', 0),
(16, 4, '2023-10-18 14:58:21', '2023-10-18 14:58:21', '<!-- wp:paragraph -->\n<p>Lionel Messi trở thành cầu thủ ghi bàn nhiều nhất vòng loại World Cup khu vực Nam Mỹ, nhờ cú đúp vào lưới Peru.</p>\n<!-- /wp:paragraph -->\n\n<!-- wp:paragraph -->\n<p>Trước trận, Messi và đồng đội cũ Luis Suarez cùng có 29 bàn, dẫn đầu danh sách các chân sút ghi bàn nhiều nhất lịch sử giải. Hai bàn ở Lima sáng 18/10 giúp thủ quân Argentina bứt lên, độc chiếm kỷ lục này với 31 bàn.</p>\n<!-- /wp:paragraph -->\n\n<!-- wp:image -->\n<figure class=\"wp-block-image\"><img src=\"https://i1-thethao.vnecdn.net/2023/10/18/652f46559644c-1200-1697624827-3204-1697624927.jpg?w=680&amp;h=0&amp;q=100&amp;dpr=1&amp;fit=crop&amp;s=-fFs9ljQqHPtHpQDmlNb0Q\" alt=\"Messi giúp Argentina nối dài chuỗi bất bại ở vòng loại World Cup kể từ năm 2017. Ảnh: Telam\"/><figcaption class=\"wp-element-caption\">Messi giúp Argentina nối dài chuỗi bất bại ở vòng loại World Cup kể từ năm 2017. Ảnh:&nbsp;<em>Telam</em></figcaption></figure>\n<!-- /wp:image -->\n\n<!-- wp:paragraph -->\n<p>Messi ghi bàn ở phút 32 và 42, giúp Argentina đánh bại Peru 2-0. Đây là đối thủ khiến tiền đạo đang chơi cho Inter Miami im tiếng ở cả ba lần làm khách gần nhất. Messi đáng ra có thể ghi hat-trick nếu pha lập công của anh ở phút 57 không bị VAR từ chối bởi lỗi việt vị.</p>\n<!-- /wp:paragraph -->\n\n<!-- wp:paragraph -->\n<p>Messi chạm kỷ lục này sau 63 lần ra sân ở vòng loại World Cup khu vực Nam Mỹ. Nếu tính vòng loại mọi khu vực trên thế giới, tiền đạo 36 tuổi đứng thứ tư sau Carlos Ruiz (39 bàn cho Guatemala), Cristiano Ronaldo (36 bàn cho Bồ Đào Nha), Ali Daei (36 bàn cho Iran) và đã vượt qua Robert Lewandowski - người từng ghi 30 bàn cho Ba Lan.</p>\n<!-- /wp:paragraph -->\n\n<!-- wp:paragraph -->\n<p>Trong 31 bàn Messi từng ghi ở vòng loại World Cup, có 4 bàn ở kỳ 2010, 10 bàn kỳ 2014, 7 bàn kỳ 2018, 7 bàn kỳ 2022 và 3 bàn kỳ 2026. Trong số này, có tới 29 bàn ghi khi&nbsp;<a href=\"https://vnexpress.net/chu-de/doi-tuyen-bong-da-argentina-534\">Argentina</a>&nbsp;giành chiến thắng, một bàn ghi ở trận hòa và một bàn trong thất bại.</p>\n<!-- /wp:paragraph -->\n\n<!-- wp:paragraph -->\n<p>Trong các đội bị&nbsp;<a href=\"https://vnexpress.net/chu-de/lionel-messi-300\">Messi</a>&nbsp;chọc thủng lưới, Ecuador chịu nhiều nhất với 6 bàn. Sau đó lần lượt là Uruguay (5 bàn), Bolivia, Chile và Venezuela (4 bàn), Colombia và Paraguay (3 bàn), Peru (2 bàn). Messi chưa từng ghi bàn vào lưới Brazil ở vòng loại World Cup và sẽ có cơ hội làm điều này khi hai đội chạm trán trên sân Maracana ở Rio de Janeiro vào ngày 21/11.</p>\n<!-- /wp:paragraph -->\n\n<!-- wp:paragraph -->\n<p>Những bàn thắng được Messi ghi dưới sự dẫn dắt của nhiều HLV. 16 năm trước, anh ghi bàn đầu tiên vào lưới Venezuela trong trận thắng 2-0 dưới triều đại HLV Alfio Basile rồi có thêm hai bàn cùng HLV này. Tương tự, tiền đạo 36 tuổi ghi ba bàn dưới thời HLV Edgardo Bauza và Jorge Sampaoli, một bàn cùng Diego Maradona và một bàn cùng Gerardo Martino.&nbsp;<a href=\"https://vnexpress.net/messi-lap-cu-dup-argentina-xay-cao-dinh-bang-4666131.html\">Hai bàn vào lưới Peru</a>&nbsp;giúp Messi nâng số pha lập công ở vòng loại World Cup dưới thời HLV Lionel Scaloni lên 10 bàn, cân bằng thành tích anh có cùng HLV Alejandro Sabella.</p>\n<!-- /wp:paragraph -->', 'Messi độc chiếm thêm một kỷ lục ghi bàn', '', 'publish', 'open', 'open', '', 'messi-doc-chiem-them-mot-ky-luc-ghi-ban', '', '', '2023-10-18 15:12:14', '2023-10-18 15:12:14', '', 0, 'http://localhost:82/NhomG_CMS_2023/?p=16', 0, 'post', '', 0),
(17, 1, '2023-10-18 14:58:21', '2023-10-18 14:58:21', '<!-- wp:paragraph -->\n<p>Lionel Messi trở thành cầu thủ ghi bàn nhiều nhất vòng loại World Cup khu vực Nam Mỹ, nhờ cú đúp vào lưới Peru.</p>\n<!-- /wp:paragraph -->\n\n<!-- wp:paragraph -->\n<p>Trước trận, Messi và đồng đội cũ Luis Suarez cùng có 29 bàn, dẫn đầu danh sách các chân sút ghi bàn nhiều nhất lịch sử giải. Hai bàn ở Lima sáng 18/10 giúp thủ quân Argentina bứt lên, độc chiếm kỷ lục này với 31 bàn.</p>\n<!-- /wp:paragraph -->\n\n<!-- wp:image -->\n<figure class=\"wp-block-image\"><img src=\"https://i1-thethao.vnecdn.net/2023/10/18/652f46559644c-1200-1697624827-3204-1697624927.jpg?w=680&amp;h=0&amp;q=100&amp;dpr=1&amp;fit=crop&amp;s=-fFs9ljQqHPtHpQDmlNb0Q\" alt=\"Messi giúp Argentina nối dài chuỗi bất bại ở vòng loại World Cup kể từ năm 2017. Ảnh: Telam\"/><figcaption class=\"wp-element-caption\">Messi giúp Argentina nối dài chuỗi bất bại ở vòng loại World Cup kể từ năm 2017. Ảnh:&nbsp;<em>Telam</em></figcaption></figure>\n<!-- /wp:image -->\n\n<!-- wp:paragraph -->\n<p>Messi ghi bàn ở phút 32 và 42, giúp Argentina đánh bại Peru 2-0. Đây là đối thủ khiến tiền đạo đang chơi cho Inter Miami im tiếng ở cả ba lần làm khách gần nhất. Messi đáng ra có thể ghi hat-trick nếu pha lập công của anh ở phút 57 không bị VAR từ chối bởi lỗi việt vị.</p>\n<!-- /wp:paragraph -->\n\n<!-- wp:paragraph -->\n<p>Messi chạm kỷ lục này sau 63 lần ra sân ở vòng loại World Cup khu vực Nam Mỹ. Nếu tính vòng loại mọi khu vực trên thế giới, tiền đạo 36 tuổi đứng thứ tư sau Carlos Ruiz (39 bàn cho Guatemala), Cristiano Ronaldo (36 bàn cho Bồ Đào Nha), Ali Daei (36 bàn cho Iran) và đã vượt qua Robert Lewandowski - người từng ghi 30 bàn cho Ba Lan.</p>\n<!-- /wp:paragraph -->\n\n<!-- wp:paragraph -->\n<p>Trong 31 bàn Messi từng ghi ở vòng loại World Cup, có 4 bàn ở kỳ 2010, 10 bàn kỳ 2014, 7 bàn kỳ 2018, 7 bàn kỳ 2022 và 3 bàn kỳ 2026. Trong số này, có tới 29 bàn ghi khi&nbsp;<a href=\"https://vnexpress.net/chu-de/doi-tuyen-bong-da-argentina-534\">Argentina</a>&nbsp;giành chiến thắng, một bàn ghi ở trận hòa và một bàn trong thất bại.</p>\n<!-- /wp:paragraph -->\n\n<!-- wp:paragraph -->\n<p>Trong các đội bị&nbsp;<a href=\"https://vnexpress.net/chu-de/lionel-messi-300\">Messi</a>&nbsp;chọc thủng lưới, Ecuador chịu nhiều nhất với 6 bàn. Sau đó lần lượt là Uruguay (5 bàn), Bolivia, Chile và Venezuela (4 bàn), Colombia và Paraguay (3 bàn), Peru (2 bàn). Messi chưa từng ghi bàn vào lưới Brazil ở vòng loại World Cup và sẽ có cơ hội làm điều này khi hai đội chạm trán trên sân Maracana ở Rio de Janeiro vào ngày 21/11.</p>\n<!-- /wp:paragraph -->\n\n<!-- wp:paragraph -->\n<p>Những bàn thắng được Messi ghi dưới sự dẫn dắt của nhiều HLV. 16 năm trước, anh ghi bàn đầu tiên vào lưới Venezuela trong trận thắng 2-0 dưới triều đại HLV Alfio Basile rồi có thêm hai bàn cùng HLV này. Tương tự, tiền đạo 36 tuổi ghi ba bàn dưới thời HLV Edgardo Bauza và Jorge Sampaoli, một bàn cùng Diego Maradona và một bàn cùng Gerardo Martino.&nbsp;<a href=\"https://vnexpress.net/messi-lap-cu-dup-argentina-xay-cao-dinh-bang-4666131.html\">Hai bàn vào lưới Peru</a>&nbsp;giúp Messi nâng số pha lập công ở vòng loại World Cup dưới thời HLV Lionel Scaloni lên 10 bàn, cân bằng thành tích anh có cùng HLV Alejandro Sabella.</p>\n<!-- /wp:paragraph -->', 'Messi độc chiếm thêm một kỷ lục ghi bàn', '', 'inherit', 'closed', 'closed', '', '16-revision-v1', '', '', '2023-10-18 14:58:21', '2023-10-18 14:58:21', '', 16, 'http://localhost:82/NhomG_CMS_2023/?p=17', 0, 'revision', '', 0),
(18, 4, '2023-10-18 14:59:38', '2023-10-18 14:59:38', '<!-- wp:heading -->\n<h2 class=\"wp-block-heading\">Hôm 16/10, Hội đồng Bảo an Liên Hợp Quốc đã bác bỏ dự thảo nghị quyết do Nga đề xuất về cuộc xung đột giữa Israel và Phong trào Hồi giáo Hamas.</h2>\n<!-- /wp:heading -->\n\n<!-- wp:image -->\n<figure class=\"wp-block-image\"><img src=\"https://static-images.vnncdn.net/files/publish/2023/10/18/ap18104556372119-1415.jpg\" alt=\"ap18104556372119.jpg\"/><figcaption class=\"wp-element-caption\"><em>Đại sứ Nga tại Liên Hợp Quốc Vassily Nebenzia</em></figcaption></figure>\n<!-- /wp:image -->\n\n<!-- wp:paragraph -->\n<p>Dự thảo nghị quyết này có thể xem là một lời kêu gọi mạnh mẽ từ cộng đồng quốc tế nhằm giải quyết cuộc khủng hoảng nhân đạo đáng báo động tại Dải Gaza. Dự thảo cũng lên án bạo lực, kêu gọi các bên ngừng bắn, thả con tin, đảm bảo việc tiếp cận viện trợ, và tạo điều kiện cho việc sơ tán dân thường khỏi khu vực chiến sự.</p>\n<!-- /wp:paragraph -->\n\n<!-- wp:paragraph -->\n<p>Theo kết quả kiểm phiếu, 5 quốc gia ủng hộ bao gồm Nga, Trung Quốc,&nbsp;Gabon, Mozambique và Các Tiểu vương quốc Ảrập Thống nhất; 4 quốc gia phản đối gồm Pháp, Nhật Bản, Anh và Mỹ; 6 quốc gia bỏ phiếu trắng gồm Albania, Brazil, Ecuador, Ghana, Malta và Thụy Sĩ.</p>\n<!-- /wp:paragraph -->\n\n<!-- wp:paragraph -->\n<p>Hội đồng Bảo an có 5 thành viên thường trực và 10 thành viên không thường trực. Để được Hội đồng Bảo an thông qua, nghị quyết cần nhận được ít nhất 9 phiếu thuận và không nước nào trong số 5 thành viên thường trực (Mỹ, Anh, Pháp, Nga, Trung Quốc) phản đối.</p>\n<!-- /wp:paragraph -->\n\n<!-- wp:paragraph -->\n<p>Đại sứ Nga tại Liên Hợp Quốc Vassily Nebenzia nói rằng, kết quả bỏ phiếu cho thấy \"Hội đồng Bảo an một lần nữa trở thành con tin cho những tính toán ích kỷ của phương Tây\" và không gửi được thông điệp chung nhằm giảm leo thang \"vụ bùng nổ bạo lực nghiêm trọng nhất những thập niên qua\".</p>\n<!-- /wp:paragraph -->\n\n<!-- wp:paragraph -->\n<p>Giới phân tích cho rằng, nguyên nhân chính là dự thảo không đề cập trực tiếp đến vai trò của Phong trào Hồi giáo Hamas, hay gọi nhóm này là tổ chức khủng bố. Trên thực tế, những quốc gia phản đối dự thảo cũng cho rằng đây là lý do họ không ủng hộ nghị quyết này.</p>\n<!-- /wp:paragraph -->\n\n<!-- wp:paragraph -->\n<p>Đại sứ Mỹ Linda Thomas-Greenfield cho rằng Hamas đã tấn công&nbsp;<a href=\"https://vietnamnet.vn/israel-tag8487108801207253704.html\">Israel</a>, nhưng dự thảo nghị quyết của Nga không đề cập lực lượng này. \"Hành động của Hamas đã dẫn đến khủng hoảng nhân đạo nghiêm trọng mà người dân Gaza phải đối mặt\", bà Thomas-Greenfield nói. Còn theo Đại sứ Anh Barbara Woodward, \"chúng tôi không thể ủng hộ nghị quyết không lên án các cuộc tấn công của Hamas\".</p>\n<!-- /wp:paragraph -->\n\n<!-- wp:paragraph -->\n<p>Tuy nhiên, kết quả này cũng cho thấy những ảnh hưởng của tình hình&nbsp;địa chính trị toàn cầu đến quá trình đưa ra quyết định cũng như tính hiệu quả của Liên hợp Quốc trong thế giới ngày nay.</p>\n<!-- /wp:paragraph -->\n\n<!-- wp:paragraph -->\n<p>Việc phương Tây bác bỏ nghị quyết của Nga phản ánh tình trạng các nước này thiếu tin tưởng vào những đề xuất của Moscow, bất kể là đề xuất có tính nhân đạo. Cuộc xung đột Nga-Ukraine đã kéo dài gần hai năm nay có thể là một trong những lý do chính khiến tình trạng này thêm trầm trọng.&nbsp;</p>\n<!-- /wp:paragraph -->\n\n<!-- wp:paragraph -->\n<p>Kết quả bỏ phiếu cũng làm nổi bật mối lo ngại lớn hơn, đó là việc các vấn đề nhân đạo bị chính trị hóa tại Liên Hợp Quốc. Hội đồng Bảo an dường như đã lãng quên các trách nhiệm nhân đạo trong cuộc cạnh tranh địa chính trị. Việc từ chối dự thảo trong bối cảnh xung đột leo thang tiếp tục cướp đi sinh mạng của dân thường cho thấy sự bất hòa giữa các lý tưởng căn bản của Liên Hợp Quốc khi thành lập và tâm lý chính trị thực dụng thúc đẩy các quyết định ngày nay.</p>\n<!-- /wp:paragraph -->\n\n<!-- wp:paragraph -->\n<p>Hội đồng Bảo an là cơ quan quyền lực nhất của Liên Hợp Quốc, chịu trách nhiệm duy trì hòa bình và an ninh quốc tế.&nbsp;Nhu cầu về một cách tiếp cận công bằng, ít bị chính trị hóa, và mang tính nhân đạo trong quá trình ra quyết định của Hội đồng Bảo an chưa bao giờ cấp bách hơn lúc này.</p>\n<!-- /wp:paragraph -->\n\n<!-- wp:paragraph -->\n<p>Ý nghĩa của những quyết định mang tính chính trị như vậy có thể vượt ra ngoài cuộc xung đột Israel-Hamas, có khả năng ảnh hưởng đến tính hiệu quả của Hội đồng Bảo an trong việc giải quyết các xung đột khác trên thế giới.</p>\n<!-- /wp:paragraph -->\n\n<!-- wp:paragraph -->\n<p>Nếu sự đối đầu địa chính trị tiếp tục ảnh hưởng đến việc đưa ra quyết định, điều này có thể dẫn đến sự thiếu đồng thuận trong cộng đồng quốc tế, khiến việc tìm ra giải pháp chung cho những vấn đề căn bản nhất trở nên khó khăn hơn. Từ đó, khả năng ứng phó hiệu quả của thế giới với các cuộc khủng hoảng sẽ bị cản trở, kéo dài xung đột và làm trầm trọng hơn vấn đề nhân đạo ở những nơi như Gaza.</p>\n<!-- /wp:paragraph -->\n\n<!-- wp:paragraph -->\n<p>Theo kế hoạch, hôm 18/10, Brazil sẽ đưa ra dự thảo nghị quyết thứ hai. Dư luận quốc tế đang trông đợi vào cách các bên sẽ giải quyết ra sao với đề xuất tới từ một quốc gia được đánh giá là trung lập hơn như Brazil. Các nhà ngoại giao cho biết, nghị quyết thứ hai do Brazil đề xuất với các ngôn từ lên án Hamas dường như nhận được sự ủng hộ rộng rãi hơn.</p>\n<!-- /wp:paragraph -->', 'Thấy gì từ việc Hội đồng Bảo an bác nghị quyết của Nga về xung đột Israel-Hamas?', '', 'publish', 'open', 'open', '', 'thay-gi-tu-viec-hoi-dong-bao-an-bac-nghi-quyet-cua-nga-ve-xung-dot-israel-hamas', '', '', '2023-10-18 15:11:46', '2023-10-18 15:11:46', '', 0, 'http://localhost:82/NhomG_CMS_2023/?p=18', 0, 'post', '', 0),
(19, 1, '2023-10-18 14:59:38', '2023-10-18 14:59:38', '<!-- wp:heading -->\n<h2 class=\"wp-block-heading\">Hôm 16/10, Hội đồng Bảo an Liên Hợp Quốc đã bác bỏ dự thảo nghị quyết do Nga đề xuất về cuộc xung đột giữa Israel và Phong trào Hồi giáo Hamas.</h2>\n<!-- /wp:heading -->\n\n<!-- wp:image -->\n<figure class=\"wp-block-image\"><img src=\"https://static-images.vnncdn.net/files/publish/2023/10/18/ap18104556372119-1415.jpg\" alt=\"ap18104556372119.jpg\"/><figcaption class=\"wp-element-caption\"><em>Đại sứ Nga tại Liên Hợp Quốc Vassily Nebenzia</em></figcaption></figure>\n<!-- /wp:image -->\n\n<!-- wp:paragraph -->\n<p>Dự thảo nghị quyết này có thể xem là một lời kêu gọi mạnh mẽ từ cộng đồng quốc tế nhằm giải quyết cuộc khủng hoảng nhân đạo đáng báo động tại Dải Gaza. Dự thảo cũng lên án bạo lực, kêu gọi các bên ngừng bắn, thả con tin, đảm bảo việc tiếp cận viện trợ, và tạo điều kiện cho việc sơ tán dân thường khỏi khu vực chiến sự.</p>\n<!-- /wp:paragraph -->\n\n<!-- wp:paragraph -->\n<p>Theo kết quả kiểm phiếu, 5 quốc gia ủng hộ bao gồm Nga, Trung Quốc,&nbsp;Gabon, Mozambique và Các Tiểu vương quốc Ảrập Thống nhất; 4 quốc gia phản đối gồm Pháp, Nhật Bản, Anh và Mỹ; 6 quốc gia bỏ phiếu trắng gồm Albania, Brazil, Ecuador, Ghana, Malta và Thụy Sĩ.</p>\n<!-- /wp:paragraph -->\n\n<!-- wp:paragraph -->\n<p>Hội đồng Bảo an có 5 thành viên thường trực và 10 thành viên không thường trực. Để được Hội đồng Bảo an thông qua, nghị quyết cần nhận được ít nhất 9 phiếu thuận và không nước nào trong số 5 thành viên thường trực (Mỹ, Anh, Pháp, Nga, Trung Quốc) phản đối.</p>\n<!-- /wp:paragraph -->\n\n<!-- wp:paragraph -->\n<p>Đại sứ Nga tại Liên Hợp Quốc Vassily Nebenzia nói rằng, kết quả bỏ phiếu cho thấy \"Hội đồng Bảo an một lần nữa trở thành con tin cho những tính toán ích kỷ của phương Tây\" và không gửi được thông điệp chung nhằm giảm leo thang \"vụ bùng nổ bạo lực nghiêm trọng nhất những thập niên qua\".</p>\n<!-- /wp:paragraph -->\n\n<!-- wp:paragraph -->\n<p>Giới phân tích cho rằng, nguyên nhân chính là dự thảo không đề cập trực tiếp đến vai trò của Phong trào Hồi giáo Hamas, hay gọi nhóm này là tổ chức khủng bố. Trên thực tế, những quốc gia phản đối dự thảo cũng cho rằng đây là lý do họ không ủng hộ nghị quyết này.</p>\n<!-- /wp:paragraph -->\n\n<!-- wp:paragraph -->\n<p>Đại sứ Mỹ Linda Thomas-Greenfield cho rằng Hamas đã tấn công&nbsp;<a href=\"https://vietnamnet.vn/israel-tag8487108801207253704.html\">Israel</a>, nhưng dự thảo nghị quyết của Nga không đề cập lực lượng này. \"Hành động của Hamas đã dẫn đến khủng hoảng nhân đạo nghiêm trọng mà người dân Gaza phải đối mặt\", bà Thomas-Greenfield nói. Còn theo Đại sứ Anh Barbara Woodward, \"chúng tôi không thể ủng hộ nghị quyết không lên án các cuộc tấn công của Hamas\".</p>\n<!-- /wp:paragraph -->\n\n<!-- wp:paragraph -->\n<p>Tuy nhiên, kết quả này cũng cho thấy những ảnh hưởng của tình hình&nbsp;địa chính trị toàn cầu đến quá trình đưa ra quyết định cũng như tính hiệu quả của Liên hợp Quốc trong thế giới ngày nay.</p>\n<!-- /wp:paragraph -->\n\n<!-- wp:paragraph -->\n<p>Việc phương Tây bác bỏ nghị quyết của Nga phản ánh tình trạng các nước này thiếu tin tưởng vào những đề xuất của Moscow, bất kể là đề xuất có tính nhân đạo. Cuộc xung đột Nga-Ukraine đã kéo dài gần hai năm nay có thể là một trong những lý do chính khiến tình trạng này thêm trầm trọng.&nbsp;</p>\n<!-- /wp:paragraph -->\n\n<!-- wp:paragraph -->\n<p>Kết quả bỏ phiếu cũng làm nổi bật mối lo ngại lớn hơn, đó là việc các vấn đề nhân đạo bị chính trị hóa tại Liên Hợp Quốc. Hội đồng Bảo an dường như đã lãng quên các trách nhiệm nhân đạo trong cuộc cạnh tranh địa chính trị. Việc từ chối dự thảo trong bối cảnh xung đột leo thang tiếp tục cướp đi sinh mạng của dân thường cho thấy sự bất hòa giữa các lý tưởng căn bản của Liên Hợp Quốc khi thành lập và tâm lý chính trị thực dụng thúc đẩy các quyết định ngày nay.</p>\n<!-- /wp:paragraph -->\n\n<!-- wp:paragraph -->\n<p>Hội đồng Bảo an là cơ quan quyền lực nhất của Liên Hợp Quốc, chịu trách nhiệm duy trì hòa bình và an ninh quốc tế.&nbsp;Nhu cầu về một cách tiếp cận công bằng, ít bị chính trị hóa, và mang tính nhân đạo trong quá trình ra quyết định của Hội đồng Bảo an chưa bao giờ cấp bách hơn lúc này.</p>\n<!-- /wp:paragraph -->\n\n<!-- wp:paragraph -->\n<p>Ý nghĩa của những quyết định mang tính chính trị như vậy có thể vượt ra ngoài cuộc xung đột Israel-Hamas, có khả năng ảnh hưởng đến tính hiệu quả của Hội đồng Bảo an trong việc giải quyết các xung đột khác trên thế giới.</p>\n<!-- /wp:paragraph -->\n\n<!-- wp:paragraph -->\n<p>Nếu sự đối đầu địa chính trị tiếp tục ảnh hưởng đến việc đưa ra quyết định, điều này có thể dẫn đến sự thiếu đồng thuận trong cộng đồng quốc tế, khiến việc tìm ra giải pháp chung cho những vấn đề căn bản nhất trở nên khó khăn hơn. Từ đó, khả năng ứng phó hiệu quả của thế giới với các cuộc khủng hoảng sẽ bị cản trở, kéo dài xung đột và làm trầm trọng hơn vấn đề nhân đạo ở những nơi như Gaza.</p>\n<!-- /wp:paragraph -->\n\n<!-- wp:paragraph -->\n<p>Theo kế hoạch, hôm 18/10, Brazil sẽ đưa ra dự thảo nghị quyết thứ hai. Dư luận quốc tế đang trông đợi vào cách các bên sẽ giải quyết ra sao với đề xuất tới từ một quốc gia được đánh giá là trung lập hơn như Brazil. Các nhà ngoại giao cho biết, nghị quyết thứ hai do Brazil đề xuất với các ngôn từ lên án Hamas dường như nhận được sự ủng hộ rộng rãi hơn.</p>\n<!-- /wp:paragraph -->', 'Thấy gì từ việc Hội đồng Bảo an bác nghị quyết của Nga về xung đột Israel-Hamas?', '', 'inherit', 'closed', 'closed', '', '18-revision-v1', '', '', '2023-10-18 14:59:38', '2023-10-18 14:59:38', '', 18, 'http://localhost:82/NhomG_CMS_2023/?p=19', 0, 'revision', '', 0),
(20, 4, '2023-10-18 15:00:42', '2023-10-18 15:00:42', '<!-- wp:paragraph -->\n<p>iPhone 17 và 17 Plus được cho là sẽ trang bị màn hình ProMotion 120 Hz, trong khi bộ đôi Pro và Pro Max có FaceID ẩn.</p>\n<!-- /wp:paragraph -->\n\n<!-- wp:paragraph -->\n<p>Theo Ross Young, CEO công ty tư vấn DSCC và là một trong những nguồn rò rỉ thông tin chính xác nhất về iPhone, cho biết iPhone 17 và 17 Plus, ra đời năm 2025, sẽ là hai mẫu iPhone tiêu chuẩn đầu tiên có màn hình 120 Hz. Hiện tại, iPhone tiêu chuẩn chỉ có tần số quét 60 Hz, bằng một nửa so với màn hình ProMotion trên dòng Pro.</p>\n<!-- /wp:paragraph -->\n\n<!-- wp:image -->\n<figure class=\"wp-block-image\"><img src=\"https://i1-sohoa.vnecdn.net/2023/10/15/iphone-17-pro-will-be-the-firs-3789-7739-1697386685.jpg?w=680&amp;h=0&amp;q=100&amp;dpr=1&amp;fit=crop&amp;s=te3UC4vxWMdqGGvqkhT5RA\" alt=\"iPhone 17 Pro dự kiến có FaceID ẩn dưới màn hình. Ảnh: Macrumors\"/><figcaption class=\"wp-element-caption\">iPhone 17 Pro và 17 Pro Max có thể có FaceID ẩn dưới màn hình. Ảnh:&nbsp;<em>Macrumors</em></figcaption></figure>\n<!-- /wp:image -->\n\n<!-- wp:paragraph -->\n<p>Young dẫn nguồn tin từ chuỗi cung ứng cho biết Apple sẽ dùng tấm nền LTPO thay cho LTPS trên iPhone 17 và 17 Plus. Với màn hình LTPO, tần số làm tươi có thể tự điều chỉnh xuống mức thấp hơn khi hiển thị nội dung khác nhau, giúp thời lượng pin tốt hơn.</p>\n<!-- /wp:paragraph -->\n\n<!-- wp:paragraph -->\n<p>Ngoài ra, tỷ lệ khung hình iPhone 2025 cũng được điều chỉnh thành 19,6:9 với hai cỡ màn hình 6,3 và 6,9 inch. Trong khi đó, iPhone 16 sẽ vẫn có tỷ lệ 19,5:9 và kích cỡ 61, và 6,7 inch như hiện tại.</p>\n<!-- /wp:paragraph -->\n\n<!-- wp:paragraph -->\n<p>Một thay đổi lớn khác là 17 Pro và 17 Pro Max sẽ thay thế Dynamic Island bằng FaceID dưới màn hình. Màn hình không còn khuyết hình viên thuốc mà chỉ cần một lỗ nhỏ cho camera trước. Trong khi đó, tính năng Dynamic Island vẫn được duy trì trên bản tiêu chuẩn.</p>\n<!-- /wp:paragraph -->\n\n<!-- wp:paragraph -->\n<p><a href=\"https://vnexpress.net/chu-de/apple-inc-1541\">Apple</a>&nbsp;đang tạo khoảng cách công nghệ rõ rệt giữa iPhone tiêu chuẩn và iPhone dòng Pro. Trong năm nay, iPhone 15 và 15 Plus được trang bị Dynamic Island và camera chính 48 megapixel, nhưng vẫn sử dụng chip A16 Bionic giống trên iPhone 14 Pro.</p>\n<!-- /wp:paragraph -->', 'iPhone 17 sẽ thay đổi lớn về màn hình', '', 'publish', 'open', 'open', '', 'iphone-17-se-thay-doi-lon-ve-man-hinh', '', '', '2023-10-18 15:11:18', '2023-10-18 15:11:18', '', 0, 'http://localhost:82/NhomG_CMS_2023/?p=20', 0, 'post', '', 0),
(21, 1, '2023-10-18 15:00:42', '2023-10-18 15:00:42', '<!-- wp:paragraph -->\n<p>iPhone 17 và 17 Plus được cho là sẽ trang bị màn hình ProMotion 120 Hz, trong khi bộ đôi Pro và Pro Max có FaceID ẩn.</p>\n<!-- /wp:paragraph -->\n\n<!-- wp:paragraph -->\n<p>Theo Ross Young, CEO công ty tư vấn DSCC và là một trong những nguồn rò rỉ thông tin chính xác nhất về iPhone, cho biết iPhone 17 và 17 Plus, ra đời năm 2025, sẽ là hai mẫu iPhone tiêu chuẩn đầu tiên có màn hình 120 Hz. Hiện tại, iPhone tiêu chuẩn chỉ có tần số quét 60 Hz, bằng một nửa so với màn hình ProMotion trên dòng Pro.</p>\n<!-- /wp:paragraph -->\n\n<!-- wp:image -->\n<figure class=\"wp-block-image\"><img src=\"https://i1-sohoa.vnecdn.net/2023/10/15/iphone-17-pro-will-be-the-firs-3789-7739-1697386685.jpg?w=680&amp;h=0&amp;q=100&amp;dpr=1&amp;fit=crop&amp;s=te3UC4vxWMdqGGvqkhT5RA\" alt=\"iPhone 17 Pro dự kiến có FaceID ẩn dưới màn hình. Ảnh: Macrumors\"/><figcaption class=\"wp-element-caption\">iPhone 17 Pro và 17 Pro Max có thể có FaceID ẩn dưới màn hình. Ảnh:&nbsp;<em>Macrumors</em></figcaption></figure>\n<!-- /wp:image -->\n\n<!-- wp:paragraph -->\n<p>Young dẫn nguồn tin từ chuỗi cung ứng cho biết Apple sẽ dùng tấm nền LTPO thay cho LTPS trên iPhone 17 và 17 Plus. Với màn hình LTPO, tần số làm tươi có thể tự điều chỉnh xuống mức thấp hơn khi hiển thị nội dung khác nhau, giúp thời lượng pin tốt hơn.</p>\n<!-- /wp:paragraph -->\n\n<!-- wp:paragraph -->\n<p>Ngoài ra, tỷ lệ khung hình iPhone 2025 cũng được điều chỉnh thành 19,6:9 với hai cỡ màn hình 6,3 và 6,9 inch. Trong khi đó, iPhone 16 sẽ vẫn có tỷ lệ 19,5:9 và kích cỡ 61, và 6,7 inch như hiện tại.</p>\n<!-- /wp:paragraph -->\n\n<!-- wp:paragraph -->\n<p>Một thay đổi lớn khác là 17 Pro và 17 Pro Max sẽ thay thế Dynamic Island bằng FaceID dưới màn hình. Màn hình không còn khuyết hình viên thuốc mà chỉ cần một lỗ nhỏ cho camera trước. Trong khi đó, tính năng Dynamic Island vẫn được duy trì trên bản tiêu chuẩn.</p>\n<!-- /wp:paragraph -->\n\n<!-- wp:paragraph -->\n<p><a href=\"https://vnexpress.net/chu-de/apple-inc-1541\">Apple</a>&nbsp;đang tạo khoảng cách công nghệ rõ rệt giữa iPhone tiêu chuẩn và iPhone dòng Pro. Trong năm nay, iPhone 15 và 15 Plus được trang bị Dynamic Island và camera chính 48 megapixel, nhưng vẫn sử dụng chip A16 Bionic giống trên iPhone 14 Pro.</p>\n<!-- /wp:paragraph -->', 'iPhone 17 sẽ thay đổi lớn về màn hình', '', 'inherit', 'closed', 'closed', '', '20-revision-v1', '', '', '2023-10-18 15:00:42', '2023-10-18 15:00:42', '', 20, 'http://localhost:82/NhomG_CMS_2023/?p=21', 0, 'revision', '', 0),
(22, 3, '2023-10-18 15:03:22', '2023-10-18 15:03:22', '<!-- wp:paragraph -->\n<p>Người phát ngôn Bộ Ngoại giao nêu rõ Việt Nam lên án mạnh mẽ các hành động tấn công bạo lực nhằm vào dân thường, khi bình luận về căng thẳng ở Trung Đông.</p>\n<!-- /wp:paragraph -->\n\n<!-- wp:paragraph -->\n<p>\"Chúng tôi kêu gọi các bên ngừng bắn ngay lập tức, chấm dứt các hành động sử dụng vũ lực, tôn trọng luật nhân đạo quốc tế\", người phát ngôn Bộ Ngoại giao Phạm Thu Hằng ngày 18/10 trả lời về tình hình căng thẳng leo thang ở Trung Đông, theo thông cáo Bộ Ngoại giao.</p>\n<!-- /wp:paragraph -->\n\n<!-- wp:paragraph -->\n<p>Người phát ngôn kêu gọi các bên liên quan xung đột nối lại đàm phán, giải quyết các bất đồng thông qua biện pháp hòa bình, trên cơ sở luật pháp quốc tế và các nghị quyết liên quan của Liên Hợp Quốc nhằm đạt được giải pháp công bằng, thỏa đáng và lâu dài cho tiến trình hòa bình Trung Đông, bảo đảm tính mạng, an ninh, an toàn cho người dân.</p>\n<!-- /wp:paragraph -->\n\n<!-- wp:image -->\n<figure class=\"wp-block-image\"><img src=\"https://i1-vnexpress.vnecdn.net/2023/10/18/A-nh-NPN-3169-1697636018.jpg?w=680&amp;h=0&amp;q=100&amp;dpr=1&amp;fit=crop&amp;s=xJk2eyRDDFmvBAt4t2j5aQ\" alt=\"Người phát ngôn Bộ Ngoại giao Việt Nam Phạm Thu Hằng. Ảnh: BNG\"/><figcaption class=\"wp-element-caption\">Người phát ngôn Bộ Ngoại giao Việt Nam Phạm Thu Hằng. Ảnh:&nbsp;<em>BNG</em></figcaption></figure>\n<!-- /wp:image -->\n\n<!-- wp:paragraph -->\n<p>\"<a href=\"https://vnexpress.net/chu-de/viet-nam-450\">Việt Nam</a>&nbsp;ủng hộ và sẵn sàng tham gia nỗ lực chung của cộng đồng quốc tế thúc đẩy đối thoại và hỗ trợ nhân đạo cho người dân tại vùng xảy ra xung đột, góp phần bảo đảm hòa bình, an ninh, ổn định ở khu vực và trên thế giới\", người phát ngôn Bộ Ngoại giao cho biết thêm.</p>\n<!-- /wp:paragraph -->\n\n<!-- wp:paragraph -->\n<p><a href=\"https://vnexpress.net/chu-de/hamas-6805\">Hamas</a>&nbsp;hôm 7/10 đột kích lãnh thổ Israel, sát hại và bắt cóc nhiều dân thường. Israel sau đó đáp trả bằng loạt cuộc không kích vào Dải Gaza.</p>\n<!-- /wp:paragraph -->\n\n<!-- wp:paragraph -->\n<p>Căng thẳng dâng cao đêm 17/10 khi bệnh viện Al-Ahli ở miền trung Dải Gaza bị tập kích. Cơ quan y tế của Hamas ban đầu nói rằng ít nhất 500 người thiệt mạng. Tối 18/10, họ điều chỉnh con số xuống ít nhất 471 người. Hamas cho biết thêm 314 người bị thương và 28 người đang nguy kịch.</p>\n<!-- /wp:paragraph -->', 'Việt Nam lên án hành động tấn công bạo lực nhằm vào dân thường', '', 'publish', 'open', 'open', '', 'viet-nam-len-an-hanh-dong-tan-cong-bao-luc-nham-vao-dan-thuong', '', '', '2023-10-18 15:10:51', '2023-10-18 15:10:51', '', 0, 'http://localhost:82/NhomG_CMS_2023/?p=22', 0, 'post', '', 0),
(23, 1, '2023-10-18 15:03:22', '2023-10-18 15:03:22', '<!-- wp:paragraph -->\n<p>Người phát ngôn Bộ Ngoại giao nêu rõ Việt Nam lên án mạnh mẽ các hành động tấn công bạo lực nhằm vào dân thường, khi bình luận về căng thẳng ở Trung Đông.</p>\n<!-- /wp:paragraph -->\n\n<!-- wp:paragraph -->\n<p>\"Chúng tôi kêu gọi các bên ngừng bắn ngay lập tức, chấm dứt các hành động sử dụng vũ lực, tôn trọng luật nhân đạo quốc tế\", người phát ngôn Bộ Ngoại giao Phạm Thu Hằng ngày 18/10 trả lời về tình hình căng thẳng leo thang ở Trung Đông, theo thông cáo Bộ Ngoại giao.</p>\n<!-- /wp:paragraph -->\n\n<!-- wp:paragraph -->\n<p>Người phát ngôn kêu gọi các bên liên quan xung đột nối lại đàm phán, giải quyết các bất đồng thông qua biện pháp hòa bình, trên cơ sở luật pháp quốc tế và các nghị quyết liên quan của Liên Hợp Quốc nhằm đạt được giải pháp công bằng, thỏa đáng và lâu dài cho tiến trình hòa bình Trung Đông, bảo đảm tính mạng, an ninh, an toàn cho người dân.</p>\n<!-- /wp:paragraph -->\n\n<!-- wp:image -->\n<figure class=\"wp-block-image\"><img src=\"https://i1-vnexpress.vnecdn.net/2023/10/18/A-nh-NPN-3169-1697636018.jpg?w=680&amp;h=0&amp;q=100&amp;dpr=1&amp;fit=crop&amp;s=xJk2eyRDDFmvBAt4t2j5aQ\" alt=\"Người phát ngôn Bộ Ngoại giao Việt Nam Phạm Thu Hằng. Ảnh: BNG\"/><figcaption class=\"wp-element-caption\">Người phát ngôn Bộ Ngoại giao Việt Nam Phạm Thu Hằng. Ảnh:&nbsp;<em>BNG</em></figcaption></figure>\n<!-- /wp:image -->\n\n<!-- wp:paragraph -->\n<p>\"<a href=\"https://vnexpress.net/chu-de/viet-nam-450\">Việt Nam</a>&nbsp;ủng hộ và sẵn sàng tham gia nỗ lực chung của cộng đồng quốc tế thúc đẩy đối thoại và hỗ trợ nhân đạo cho người dân tại vùng xảy ra xung đột, góp phần bảo đảm hòa bình, an ninh, ổn định ở khu vực và trên thế giới\", người phát ngôn Bộ Ngoại giao cho biết thêm.</p>\n<!-- /wp:paragraph -->\n\n<!-- wp:paragraph -->\n<p><a href=\"https://vnexpress.net/chu-de/hamas-6805\">Hamas</a>&nbsp;hôm 7/10 đột kích lãnh thổ Israel, sát hại và bắt cóc nhiều dân thường. Israel sau đó đáp trả bằng loạt cuộc không kích vào Dải Gaza.</p>\n<!-- /wp:paragraph -->\n\n<!-- wp:paragraph -->\n<p>Căng thẳng dâng cao đêm 17/10 khi bệnh viện Al-Ahli ở miền trung Dải Gaza bị tập kích. Cơ quan y tế của Hamas ban đầu nói rằng ít nhất 500 người thiệt mạng. Tối 18/10, họ điều chỉnh con số xuống ít nhất 471 người. Hamas cho biết thêm 314 người bị thương và 28 người đang nguy kịch.</p>\n<!-- /wp:paragraph -->', 'Việt Nam lên án hành động tấn công bạo lực nhằm vào dân thường', '', 'inherit', 'closed', 'closed', '', '22-revision-v1', '', '', '2023-10-18 15:03:22', '2023-10-18 15:03:22', '', 22, 'http://localhost:82/NhomG_CMS_2023/?p=23', 0, 'revision', '', 0),
(24, 3, '2023-10-18 15:06:53', '2023-10-18 15:06:53', '<!-- wp:paragraph -->\n<p>A17 Pro có CPU 6 nhân, tăng hiệu suất 10% so với tiền nhiệm, giúp máy xử lý nhanh đa tác vụ, tiết kiệm pin và giảm nguy cơ nóng.</p>\n<!-- /wp:paragraph -->\n\n<!-- wp:paragraph -->\n<p>Mẫu chip ra mắt trong sự kiện giới thiệu iPhone 15 Series ngày 13/09. Apple công bố, A17 Pro là chip mới và mạnh mẽ nhất từ trước đến nay, trang bị độc quyền trên hai phiên bản iPhone 15 Pro và iPhone 15 Pro Max.</p>\n<!-- /wp:paragraph -->\n\n<!-- wp:paragraph -->\n<p>Chip di động đầu tiên sản xuất trên tiến trình 3nm tiên tiến của TSMC mang đến bước nhảy vọt so với thế hệ A16 Bionic (sản xuất với quy trình 4nm). Trên A17 Pro, hiệu suất xử lý tăng 10% so với thế hệ chip trước đây.</p>\n<!-- /wp:paragraph -->\n\n<!-- wp:paragraph -->\n<p>Cấu hình chip gồm CPU 6 nhân, một GPU 4 nhân và một bộ̣ xử lý trí tuệ - Neural Engine 16 nhân. Các cải tiến trên CPU - GPU mang lại hiệu năng tốt hơn 20%, đồ họa tăng 30% so với A16 Bionic. Ngoài ra, mô-đun xử lý trí tuệ cũng cải tiến để cung cấp hiệu năng AI tốt hơn 40%.</p>\n<!-- /wp:paragraph -->\n\n<!-- wp:image -->\n<figure class=\"wp-block-image\"><img src=\"https://i1-sohoa.vnecdn.net/2023/09/28/image001-5842-1695898073.png?w=680&amp;h=0&amp;q=100&amp;dpr=1&amp;fit=crop&amp;s=rOV8D3lAOBeFHVypGuo2bw\" alt=\"Công nghệ dò tia giúp xử lý hình ảnh chuyên nghiệp hơn. Ảnh: Apple\"/><figcaption class=\"wp-element-caption\">Công nghệ dò tia giúp xử lý hình ảnh chuyên nghiệp hơn. Ảnh:&nbsp;<em>Apple</em></figcaption></figure>\n<!-- /wp:image -->\n\n<!-- wp:paragraph -->\n<p>Nhằm tăng khả năng đồ họa, nhà sản xuất lần đầu đưa công nghệ Ray Tracing lên dòng chip di động. Công nghệ này giúp A17 Pro có nhiều tính năng chụp ảnh, xử lý chuyên nghiệp hơn, tạo ra bức tranh với ấn tượng thị giác nhờ ánh sáng khắc họa nổi bật.</p>\n<!-- /wp:paragraph -->\n\n<!-- wp:paragraph -->\n<p>Cơ chế tối ưu hiệu năng cùng hiệu suất tốt hơn với tiến trình 3nm và CPU 6 nhân giúp máy chip tiết kiệm pin, giảm nguy cơ nóng so với A16.</p>\n<!-- /wp:paragraph -->\n\n<!-- wp:paragraph -->\n<p>Chip A17 Pro có cổng sạc Type-C mới cùng bộ điều khiển USB-3, tăng tốc độ truyền dữ liệu lên tới 10 Gbps, nhanh hơn 20 lần so với cổng Lightning USB-2 cũ.</p>\n<!-- /wp:paragraph -->\n\n<!-- wp:paragraph -->\n<p>Khả năng xử lý hình ảnh cũng cải thiện, mang đến khả năng chụp, xử lý hình ảnh tối ưu. Chất lượng ảnh chụp chân dung vào ban đêm tốt hơn với sự hỗ trợ chuyên sâu từ camera LiDAR.</p>\n<!-- /wp:paragraph -->\n\n<!-- wp:paragraph -->\n<p>Loạt nâng cấp kể trên là các bước nhảy vọt của Apple, giúp iPhone 15 Pro và&nbsp;<a href=\"https://www.thegioididong.com/dtdd/iphone-15-pro-max\" rel=\"noreferrer noopener\" target=\"_blank\">iPhone 15 Pro Max</a>&nbsp;tối ưu trải nghiệm cho người dùng.</p>\n<!-- /wp:paragraph -->\n\n<!-- wp:image -->\n<figure class=\"wp-block-image\"><img src=\"https://i1-sohoa.vnecdn.net/2023/09/28/image003-3016-1695898073.png?w=680&amp;h=0&amp;q=100&amp;dpr=1&amp;fit=crop&amp;s=a_dOhZyx5U65va-r8_04Zw\" alt=\"iPhone 15 Series vừa về Việt Nam. Ảnh: Thế Giới Di Động\"/><figcaption class=\"wp-element-caption\">iPhone 15 Series vừa về Việt Nam. Ảnh:&nbsp;<em>Thế Giới Di Động</em></figcaption></figure>\n<!-- /wp:image -->\n\n<!-- wp:paragraph -->\n<p>Các sản phẩm sắp mở bán tại Thế Giới Di Động. Chuỗi bán lẻ này triển khai nhiều ưu đãi như giảm ngay 1,5 triệu đồng hoặc trả góp 0%, giảm giá 30-60% khi mua kèm những phụ kiện và sản phẩm khác, thu cũ đổi mới trợ giá lên đến 2 triệu đồng. Tất cả người mua đều có cơ hội trúng giải thưởng đặc biệt lên đến 100 triệu đồng khi mua&nbsp;<a href=\"https://www.thegioididong.com/dtdd-apple-iphone-15-series\">iPhone 15</a>&nbsp;tại Thế Giới Di Động.</p>\n<!-- /wp:paragraph -->', 'A17 Pro - chip mạnh nhất trên iPhone', '', 'publish', 'open', 'open', '', 'a17-pro-chip-manh-nhat-tren-iphone', '', '', '2023-10-18 15:08:38', '2023-10-18 15:08:38', '', 0, 'http://localhost:82/NhomG_CMS_2023/?p=24', 0, 'post', '', 0);
INSERT INTO `wp_v613posts` (`ID`, `post_author`, `post_date`, `post_date_gmt`, `post_content`, `post_title`, `post_excerpt`, `post_status`, `comment_status`, `ping_status`, `post_password`, `post_name`, `to_ping`, `pinged`, `post_modified`, `post_modified_gmt`, `post_content_filtered`, `post_parent`, `guid`, `menu_order`, `post_type`, `post_mime_type`, `comment_count`) VALUES
(25, 1, '2023-10-18 15:06:53', '2023-10-18 15:06:53', '<!-- wp:paragraph -->\n<p>A17 Pro có CPU 6 nhân, tăng hiệu suất 10% so với tiền nhiệm, giúp máy xử lý nhanh đa tác vụ, tiết kiệm pin và giảm nguy cơ nóng.</p>\n<!-- /wp:paragraph -->\n\n<!-- wp:paragraph -->\n<p>Mẫu chip ra mắt trong sự kiện giới thiệu iPhone 15 Series ngày 13/09. Apple công bố, A17 Pro là chip mới và mạnh mẽ nhất từ trước đến nay, trang bị độc quyền trên hai phiên bản iPhone 15 Pro và iPhone 15 Pro Max.</p>\n<!-- /wp:paragraph -->\n\n<!-- wp:paragraph -->\n<p>Chip di động đầu tiên sản xuất trên tiến trình 3nm tiên tiến của TSMC mang đến bước nhảy vọt so với thế hệ A16 Bionic (sản xuất với quy trình 4nm). Trên A17 Pro, hiệu suất xử lý tăng 10% so với thế hệ chip trước đây.</p>\n<!-- /wp:paragraph -->\n\n<!-- wp:paragraph -->\n<p>Cấu hình chip gồm CPU 6 nhân, một GPU 4 nhân và một bộ̣ xử lý trí tuệ - Neural Engine 16 nhân. Các cải tiến trên CPU - GPU mang lại hiệu năng tốt hơn 20%, đồ họa tăng 30% so với A16 Bionic. Ngoài ra, mô-đun xử lý trí tuệ cũng cải tiến để cung cấp hiệu năng AI tốt hơn 40%.</p>\n<!-- /wp:paragraph -->\n\n<!-- wp:image -->\n<figure class=\"wp-block-image\"><img src=\"https://i1-sohoa.vnecdn.net/2023/09/28/image001-5842-1695898073.png?w=680&amp;h=0&amp;q=100&amp;dpr=1&amp;fit=crop&amp;s=rOV8D3lAOBeFHVypGuo2bw\" alt=\"Công nghệ dò tia giúp xử lý hình ảnh chuyên nghiệp hơn. Ảnh: Apple\"/><figcaption class=\"wp-element-caption\">Công nghệ dò tia giúp xử lý hình ảnh chuyên nghiệp hơn. Ảnh:&nbsp;<em>Apple</em></figcaption></figure>\n<!-- /wp:image -->\n\n<!-- wp:paragraph -->\n<p>Nhằm tăng khả năng đồ họa, nhà sản xuất lần đầu đưa công nghệ Ray Tracing lên dòng chip di động. Công nghệ này giúp A17 Pro có nhiều tính năng chụp ảnh, xử lý chuyên nghiệp hơn, tạo ra bức tranh với ấn tượng thị giác nhờ ánh sáng khắc họa nổi bật.</p>\n<!-- /wp:paragraph -->\n\n<!-- wp:paragraph -->\n<p>Cơ chế tối ưu hiệu năng cùng hiệu suất tốt hơn với tiến trình 3nm và CPU 6 nhân giúp máy chip tiết kiệm pin, giảm nguy cơ nóng so với A16.</p>\n<!-- /wp:paragraph -->\n\n<!-- wp:paragraph -->\n<p>Chip A17 Pro có cổng sạc Type-C mới cùng bộ điều khiển USB-3, tăng tốc độ truyền dữ liệu lên tới 10 Gbps, nhanh hơn 20 lần so với cổng Lightning USB-2 cũ.</p>\n<!-- /wp:paragraph -->\n\n<!-- wp:paragraph -->\n<p>Khả năng xử lý hình ảnh cũng cải thiện, mang đến khả năng chụp, xử lý hình ảnh tối ưu. Chất lượng ảnh chụp chân dung vào ban đêm tốt hơn với sự hỗ trợ chuyên sâu từ camera LiDAR.</p>\n<!-- /wp:paragraph -->\n\n<!-- wp:paragraph -->\n<p>Loạt nâng cấp kể trên là các bước nhảy vọt của Apple, giúp iPhone 15 Pro và&nbsp;<a href=\"https://www.thegioididong.com/dtdd/iphone-15-pro-max\" rel=\"noreferrer noopener\" target=\"_blank\">iPhone 15 Pro Max</a>&nbsp;tối ưu trải nghiệm cho người dùng.</p>\n<!-- /wp:paragraph -->\n\n<!-- wp:image -->\n<figure class=\"wp-block-image\"><img src=\"https://i1-sohoa.vnecdn.net/2023/09/28/image003-3016-1695898073.png?w=680&amp;h=0&amp;q=100&amp;dpr=1&amp;fit=crop&amp;s=a_dOhZyx5U65va-r8_04Zw\" alt=\"iPhone 15 Series vừa về Việt Nam. Ảnh: Thế Giới Di Động\"/><figcaption class=\"wp-element-caption\">iPhone 15 Series vừa về Việt Nam. Ảnh:&nbsp;<em>Thế Giới Di Động</em></figcaption></figure>\n<!-- /wp:image -->\n\n<!-- wp:paragraph -->\n<p>Các sản phẩm sắp mở bán tại Thế Giới Di Động. Chuỗi bán lẻ này triển khai nhiều ưu đãi như giảm ngay 1,5 triệu đồng hoặc trả góp 0%, giảm giá 30-60% khi mua kèm những phụ kiện và sản phẩm khác, thu cũ đổi mới trợ giá lên đến 2 triệu đồng. Tất cả người mua đều có cơ hội trúng giải thưởng đặc biệt lên đến 100 triệu đồng khi mua&nbsp;<a href=\"https://www.thegioididong.com/dtdd-apple-iphone-15-series\">iPhone 15</a>&nbsp;tại Thế Giới Di Động.</p>\n<!-- /wp:paragraph -->', 'A17 Pro - chip mạnh nhất trên iPhone', '', 'inherit', 'closed', 'closed', '', '24-revision-v1', '', '', '2023-10-18 15:06:53', '2023-10-18 15:06:53', '', 24, 'http://localhost:82/NhomG_CMS_2023/?p=25', 0, 'revision', '', 0),
(26, 1, '2023-10-18 15:08:24', '2023-10-18 15:08:24', '', 'image001-5842-1695898073', '', 'inherit', 'open', 'closed', '', 'image001-5842-1695898073', '', '', '2023-10-18 15:08:24', '2023-10-18 15:08:24', '', 24, 'http://localhost:82/NhomG_CMS_2023/wp-content/uploads/2023/10/image001-5842-1695898073.png', 0, 'attachment', 'image/png', 0),
(27, 1, '2023-10-18 15:10:46', '2023-10-18 15:10:46', '', 'A-nh-NPN-3169-1697636018', '', 'inherit', 'open', 'closed', '', 'a-nh-npn-3169-1697636018', '', '', '2023-10-18 15:10:46', '2023-10-18 15:10:46', '', 22, 'http://localhost:82/NhomG_CMS_2023/wp-content/uploads/2023/10/A-nh-NPN-3169-1697636018.jpg', 0, 'attachment', 'image/jpeg', 0),
(28, 1, '2023-10-18 15:11:15', '2023-10-18 15:11:15', '', 'iphone-17-pro-will-be-the-firs-3789-7739-1697386685', '', 'inherit', 'open', 'closed', '', 'iphone-17-pro-will-be-the-firs-3789-7739-1697386685', '', '', '2023-10-18 15:11:15', '2023-10-18 15:11:15', '', 20, 'http://localhost:82/NhomG_CMS_2023/wp-content/uploads/2023/10/iphone-17-pro-will-be-the-firs-3789-7739-1697386685.jpg', 0, 'attachment', 'image/jpeg', 0),
(29, 1, '2023-10-18 15:11:42', '2023-10-18 15:11:42', '', 'ap18104556372119-1415', '', 'inherit', 'open', 'closed', '', 'ap18104556372119-1415', '', '', '2023-10-18 15:11:42', '2023-10-18 15:11:42', '', 18, 'http://localhost:82/NhomG_CMS_2023/wp-content/uploads/2023/10/ap18104556372119-1415.jpg', 0, 'attachment', 'image/jpeg', 0),
(30, 1, '2023-10-18 15:12:11', '2023-10-18 15:12:11', '', '652f46559644c-1200-1697624827-3204-1697624927', '', 'inherit', 'open', 'closed', '', '652f46559644c-1200-1697624827-3204-1697624927', '', '', '2023-10-18 15:12:11', '2023-10-18 15:12:11', '', 16, 'http://localhost:82/NhomG_CMS_2023/wp-content/uploads/2023/10/652f46559644c-1200-1697624827-3204-1697624927.jpg', 0, 'attachment', 'image/jpeg', 0),
(31, 1, '2023-10-18 15:12:49', '2023-10-18 15:12:49', '', 'iphone-12-gay-ung-thu-min', '', 'inherit', 'open', 'closed', '', 'iphone-12-gay-ung-thu-min', '', '', '2023-10-18 15:12:49', '2023-10-18 15:12:49', '', 14, 'http://localhost:82/NhomG_CMS_2023/wp-content/uploads/2023/10/iphone-12-gay-ung-thu-min.png', 0, 'attachment', 'image/png', 0),
(32, 1, '2023-10-18 15:13:24', '2023-10-18 15:13:24', '', 'ge-globo-casemiro-has-twisted-his-ankle-and-it-is-badly-v0-0t6_8srpze7jjmr8n97jucuatxdq3j8qwvc9jgr5jh0-1544', '', 'inherit', 'open', 'closed', '', 'ge-globo-casemiro-has-twisted-his-ankle-and-it-is-badly-v0-0t6_8srpze7jjmr8n97jucuatxdq3j8qwvc9jgr5jh0-1544', '', '', '2023-10-18 15:13:24', '2023-10-18 15:13:24', '', 12, 'http://localhost:82/NhomG_CMS_2023/wp-content/uploads/2023/10/ge-globo-casemiro-has-twisted-his-ankle-and-it-is-badly-v0-0t6_8srpze7jjmr8n97jucuatxdq3j8qwvc9jgr5jh0-1544.jpg', 0, 'attachment', 'image/jpeg', 0),
(33, 1, '2023-10-18 15:13:53', '2023-10-18 15:13:53', '', 'hinh-1-1697613362144689546706', '', 'inherit', 'open', 'closed', '', 'hinh-1-1697613362144689546706', '', '', '2023-10-18 15:13:53', '2023-10-18 15:13:53', '', 10, 'http://localhost:82/NhomG_CMS_2023/wp-content/uploads/2023/10/hinh-1-1697613362144689546706.jpg', 0, 'attachment', 'image/jpeg', 0),
(34, 1, '2023-10-18 15:14:20', '2023-10-18 15:14:20', '', 'Mbappe(1)', '', 'inherit', 'open', 'closed', '', 'mbappe1', '', '', '2023-10-18 15:14:20', '2023-10-18 15:14:20', '', 8, 'http://localhost:82/NhomG_CMS_2023/wp-content/uploads/2023/10/Mbappe1.png', 0, 'attachment', 'image/png', 0);

-- --------------------------------------------------------

--
-- Table structure for table `wp_v613termmeta`
--

CREATE TABLE `wp_v613termmeta` (
  `meta_id` bigint(20) UNSIGNED NOT NULL,
  `term_id` bigint(20) UNSIGNED NOT NULL DEFAULT 0,
  `meta_key` varchar(255) DEFAULT NULL,
  `meta_value` longtext DEFAULT NULL
) ENGINE=MyISAM DEFAULT CHARSET=utf8mb4 COLLATE=utf8mb4_unicode_520_ci;

-- --------------------------------------------------------

--
-- Table structure for table `wp_v613terms`
--

CREATE TABLE `wp_v613terms` (
  `term_id` bigint(20) UNSIGNED NOT NULL,
  `name` varchar(200) NOT NULL DEFAULT '',
  `slug` varchar(200) NOT NULL DEFAULT '',
  `term_group` bigint(20) NOT NULL DEFAULT 0
) ENGINE=MyISAM DEFAULT CHARSET=utf8mb4 COLLATE=utf8mb4_unicode_520_ci;

--
-- Dumping data for table `wp_v613terms`
--

INSERT INTO `wp_v613terms` (`term_id`, `name`, `slug`, `term_group`) VALUES
(1, 'Uncategorized', 'uncategorized', 0),
(2, 'Thể thao', 'the-thao', 0),
(3, 'Thế giới', 'the-gioi', 0),
(4, 'Công nghệ', 'cong-nghe', 0);

-- --------------------------------------------------------

--
-- Table structure for table `wp_v613term_relationships`
--

CREATE TABLE `wp_v613term_relationships` (
  `object_id` bigint(20) UNSIGNED NOT NULL DEFAULT 0,
  `term_taxonomy_id` bigint(20) UNSIGNED NOT NULL DEFAULT 0,
  `term_order` int(11) NOT NULL DEFAULT 0
) ENGINE=MyISAM DEFAULT CHARSET=utf8mb4 COLLATE=utf8mb4_unicode_520_ci;

--
-- Dumping data for table `wp_v613term_relationships`
--

INSERT INTO `wp_v613term_relationships` (`object_id`, `term_taxonomy_id`, `term_order`) VALUES
(1, 1, 0),
(8, 2, 0),
(10, 3, 0),
(12, 2, 0),
(14, 4, 0),
(16, 2, 0),
(18, 3, 0),
(20, 4, 0),
(22, 3, 0),
(24, 4, 0);

-- --------------------------------------------------------

--
-- Table structure for table `wp_v613term_taxonomy`
--

CREATE TABLE `wp_v613term_taxonomy` (
  `term_taxonomy_id` bigint(20) UNSIGNED NOT NULL,
  `term_id` bigint(20) UNSIGNED NOT NULL DEFAULT 0,
  `taxonomy` varchar(32) NOT NULL DEFAULT '',
  `description` longtext NOT NULL,
  `parent` bigint(20) UNSIGNED NOT NULL DEFAULT 0,
  `count` bigint(20) NOT NULL DEFAULT 0
) ENGINE=MyISAM DEFAULT CHARSET=utf8mb4 COLLATE=utf8mb4_unicode_520_ci;

--
-- Dumping data for table `wp_v613term_taxonomy`
--

INSERT INTO `wp_v613term_taxonomy` (`term_taxonomy_id`, `term_id`, `taxonomy`, `description`, `parent`, `count`) VALUES
(1, 1, 'category', '', 0, 0),
(2, 2, 'category', '', 0, 3),
(3, 3, 'category', '', 0, 3),
(4, 4, 'category', '', 0, 3);

-- --------------------------------------------------------

--
-- Table structure for table `wp_v613usermeta`
--

CREATE TABLE `wp_v613usermeta` (
  `umeta_id` bigint(20) UNSIGNED NOT NULL,
  `user_id` bigint(20) UNSIGNED NOT NULL DEFAULT 0,
  `meta_key` varchar(255) DEFAULT NULL,
  `meta_value` longtext DEFAULT NULL
) ENGINE=MyISAM DEFAULT CHARSET=utf8mb4 COLLATE=utf8mb4_unicode_520_ci;

--
-- Dumping data for table `wp_v613usermeta`
--

INSERT INTO `wp_v613usermeta` (`umeta_id`, `user_id`, `meta_key`, `meta_value`) VALUES
(1, 1, 'nickname', 'admin'),
(2, 1, 'first_name', ''),
(3, 1, 'last_name', ''),
(4, 1, 'description', ''),
(5, 1, 'rich_editing', 'true'),
(6, 1, 'syntax_highlighting', 'true'),
(7, 1, 'comment_shortcuts', 'false'),
(8, 1, 'admin_color', 'fresh'),
(9, 1, 'use_ssl', '0'),
(10, 1, 'show_admin_bar_front', 'true'),
(11, 1, 'locale', ''),
(12, 1, 'wp_v613capabilities', 'a:1:{s:13:\"administrator\";b:1;}'),
(13, 1, 'wp_v613user_level', '10'),
(14, 1, 'dismissed_wp_pointers', ''),
(15, 1, 'show_welcome_panel', '1'),
(16, 1, 'session_tokens', 'a:1:{s:64:\"84f807c8bac408bc556dbca9a4ce44f703ff09187fcee7337863c62c286bf015\";a:4:{s:10:\"expiration\";i:1698083507;s:2:\"ip\";s:3:\"::1\";s:2:\"ua\";s:111:\"Mozilla/5.0 (Windows NT 10.0; Win64; x64) AppleWebKit/537.36 (KHTML, like Gecko) Chrome/118.0.0.0 Safari/537.36\";s:5:\"login\";i:1697910707;}}'),
(17, 1, 'wp_v613dashboard_quick_press_last_post_id', '5'),
(82, 3, 'session_tokens', 'a:1:{s:64:\"895bb542bc3adc25f88621a1cd1b160a3914be3aebf82f65dab2f17c2a6bb668\";a:4:{s:10:\"expiration\";i:1697815106;s:2:\"ip\";s:3:\"::1\";s:2:\"ua\";s:111:\"Mozilla/5.0 (Windows NT 10.0; Win64; x64) AppleWebKit/537.36 (KHTML, like Gecko) Chrome/115.0.0.0 Safari/537.36\";s:5:\"login\";i:1697642306;}}'),
(46, 3, 'wp_v613capabilities', 'a:1:{s:13:\"administrator\";b:1;}'),
(45, 3, 'locale', ''),
(44, 3, 'show_admin_bar_front', 'true'),
(43, 3, 'use_ssl', '0'),
(42, 3, 'admin_color', 'fresh'),
(41, 3, 'comment_shortcuts', 'false'),
(40, 3, 'syntax_highlighting', 'true'),
(39, 3, 'rich_editing', 'true'),
(38, 3, 'description', ''),
(37, 3, 'last_name', 'Thắng'),
(36, 3, 'first_name', 'Việt'),
(35, 3, 'nickname', 'vietthang'),
(47, 3, 'wp_v613user_level', '10'),
(48, 3, 'dismissed_wp_pointers', ''),
(49, 4, 'nickname', 'thanhlich'),
(50, 4, 'first_name', 'Thanh'),
(51, 4, 'last_name', 'Lịch'),
(52, 4, 'description', ''),
(53, 4, 'rich_editing', 'true'),
(54, 4, 'syntax_highlighting', 'true'),
(55, 4, 'comment_shortcuts', 'false'),
(56, 4, 'admin_color', 'fresh'),
(57, 4, 'use_ssl', '0'),
(58, 4, 'show_admin_bar_front', 'true'),
(59, 4, 'locale', ''),
(60, 4, 'wp_v613capabilities', 'a:1:{s:13:\"administrator\";b:1;}'),
(61, 4, 'wp_v613user_level', '10'),
(62, 4, 'dismissed_wp_pointers', ''),
(63, 5, 'nickname', 'congmen'),
(64, 5, 'first_name', 'Công'),
(65, 5, 'last_name', 'Mến'),
(66, 5, 'description', ''),
(67, 5, 'rich_editing', 'true'),
(68, 5, 'syntax_highlighting', 'true'),
(69, 5, 'comment_shortcuts', 'false'),
(70, 5, 'admin_color', 'fresh'),
(71, 5, 'use_ssl', '0'),
(72, 5, 'show_admin_bar_front', 'true'),
(73, 5, 'locale', ''),
(74, 5, 'wp_v613capabilities', 'a:1:{s:13:\"administrator\";b:1;}'),
(75, 5, 'wp_v613user_level', '10'),
(76, 5, 'dismissed_wp_pointers', ''),
(78, 3, 'wp_v613dashboard_quick_press_last_post_id', '6'),
(79, 1, 'wp_v613persisted_preferences', 'a:3:{s:14:\"core/edit-site\";a:1:{s:12:\"welcomeGuide\";b:0;}s:9:\"_modified\";s:24:\"2023-10-18T15:07:21.463Z\";s:14:\"core/edit-post\";a:3:{s:26:\"isComplementaryAreaVisible\";b:1;s:12:\"welcomeGuide\";b:0;s:10:\"openPanels\";a:3:{i:0;s:11:\"post-status\";i:1;s:23:\"taxonomy-panel-category\";i:2;s:14:\"featured-image\";}}}'),
(80, 1, 'wp_v613user-settings', 'libraryContent=browse'),
(81, 1, 'wp_v613user-settings-time', '1697641716');

-- --------------------------------------------------------

--
-- Table structure for table `wp_v613users`
--

CREATE TABLE `wp_v613users` (
  `ID` bigint(20) UNSIGNED NOT NULL,
  `user_login` varchar(60) NOT NULL DEFAULT '',
  `user_pass` varchar(255) NOT NULL DEFAULT '',
  `user_nicename` varchar(50) NOT NULL DEFAULT '',
  `user_email` varchar(100) NOT NULL DEFAULT '',
  `user_url` varchar(100) NOT NULL DEFAULT '',
  `user_registered` datetime NOT NULL DEFAULT '0000-00-00 00:00:00',
  `user_activation_key` varchar(255) NOT NULL DEFAULT '',
  `user_status` int(11) NOT NULL DEFAULT 0,
  `display_name` varchar(250) NOT NULL DEFAULT ''
) ENGINE=MyISAM DEFAULT CHARSET=utf8mb4 COLLATE=utf8mb4_unicode_520_ci;

--
-- Dumping data for table `wp_v613users`
--

INSERT INTO `wp_v613users` (`ID`, `user_login`, `user_pass`, `user_nicename`, `user_email`, `user_url`, `user_registered`, `user_activation_key`, `user_status`, `display_name`) VALUES
(1, 'admin', '$P$BX8ylUlqRfuFPBK3QITpsGEx2J8vAt1', 'admin', 'dragonno005@gmail.com', 'http://localhost:82/NhomG_CMS_2023', '2023-10-18 03:56:40', '', 0, 'admin'),
(3, 'vietthang', '$P$B/vLlfF.NF84a2E5/ZbyeuTG4Qg45r/', 'vietthang', 'vuongvietthang135@gmail.com', 'http://VietThang', '2023-10-18 14:33:18', '1697639598:$P$Bgp4LCltYPr4r9TWRq9.U/ayfrHK3I/', 0, 'Việt Thắng'),
(4, 'thanhlich', '$P$BdmKRHaSy0s5fsUdCSwSCTvaJ0f8CC0', 'thanhlich', 'tlich077@gmail.com', 'http://ThanhLich', '2023-10-18 14:35:39', '1697639739:$P$BfIvUPbFRmdB3SyedpHSQ0cWCJuYPA.', 0, 'Thanh Lịch'),
(5, 'congmen', '$P$BALG9lXWa0B8ueqeo/RVCD1CjuhyfB0', 'congmen', 'nguyenme123321@gmail.com', 'http://CongMen', '2023-10-18 14:36:50', '1697639810:$P$B4C/oPt/l1ImUjf4kGEjy.CshTDUfw0', 0, 'Công Mến');

--
-- Indexes for dumped tables
--

--
-- Indexes for table `wp_v613commentmeta`
--
ALTER TABLE `wp_v613commentmeta`
  ADD PRIMARY KEY (`meta_id`),
  ADD KEY `comment_id` (`comment_id`),
  ADD KEY `meta_key` (`meta_key`(191));

--
-- Indexes for table `wp_v613comments`
--
ALTER TABLE `wp_v613comments`
  ADD PRIMARY KEY (`comment_ID`),
  ADD KEY `comment_post_ID` (`comment_post_ID`),
  ADD KEY `comment_approved_date_gmt` (`comment_approved`,`comment_date_gmt`),
  ADD KEY `comment_date_gmt` (`comment_date_gmt`),
  ADD KEY `comment_parent` (`comment_parent`),
  ADD KEY `comment_author_email` (`comment_author_email`(10));

--
-- Indexes for table `wp_v613links`
--
ALTER TABLE `wp_v613links`
  ADD PRIMARY KEY (`link_id`),
  ADD KEY `link_visible` (`link_visible`);

--
-- Indexes for table `wp_v613options`
--
ALTER TABLE `wp_v613options`
  ADD PRIMARY KEY (`option_id`),
  ADD UNIQUE KEY `option_name` (`option_name`),
  ADD KEY `autoload` (`autoload`);

--
-- Indexes for table `wp_v613postmeta`
--
ALTER TABLE `wp_v613postmeta`
  ADD PRIMARY KEY (`meta_id`),
  ADD KEY `post_id` (`post_id`),
  ADD KEY `meta_key` (`meta_key`(191));

--
-- Indexes for table `wp_v613posts`
--
ALTER TABLE `wp_v613posts`
  ADD PRIMARY KEY (`ID`),
  ADD KEY `post_name` (`post_name`(191)),
  ADD KEY `type_status_date` (`post_type`,`post_status`,`post_date`,`ID`),
  ADD KEY `post_parent` (`post_parent`),
  ADD KEY `post_author` (`post_author`);

--
-- Indexes for table `wp_v613termmeta`
--
ALTER TABLE `wp_v613termmeta`
  ADD PRIMARY KEY (`meta_id`),
  ADD KEY `term_id` (`term_id`),
  ADD KEY `meta_key` (`meta_key`(191));

--
-- Indexes for table `wp_v613terms`
--
ALTER TABLE `wp_v613terms`
  ADD PRIMARY KEY (`term_id`),
  ADD KEY `slug` (`slug`(191)),
  ADD KEY `name` (`name`(191));

--
-- Indexes for table `wp_v613term_relationships`
--
ALTER TABLE `wp_v613term_relationships`
  ADD PRIMARY KEY (`object_id`,`term_taxonomy_id`),
  ADD KEY `term_taxonomy_id` (`term_taxonomy_id`);

--
-- Indexes for table `wp_v613term_taxonomy`
--
ALTER TABLE `wp_v613term_taxonomy`
  ADD PRIMARY KEY (`term_taxonomy_id`),
  ADD UNIQUE KEY `term_id_taxonomy` (`term_id`,`taxonomy`),
  ADD KEY `taxonomy` (`taxonomy`);

--
-- Indexes for table `wp_v613usermeta`
--
ALTER TABLE `wp_v613usermeta`
  ADD PRIMARY KEY (`umeta_id`),
  ADD KEY `user_id` (`user_id`),
  ADD KEY `meta_key` (`meta_key`(191));

--
-- Indexes for table `wp_v613users`
--
ALTER TABLE `wp_v613users`
  ADD PRIMARY KEY (`ID`),
  ADD KEY `user_login_key` (`user_login`),
  ADD KEY `user_nicename` (`user_nicename`),
  ADD KEY `user_email` (`user_email`);

--
-- AUTO_INCREMENT for dumped tables
--

--
-- AUTO_INCREMENT for table `wp_v613commentmeta`
--
ALTER TABLE `wp_v613commentmeta`
  MODIFY `meta_id` bigint(20) UNSIGNED NOT NULL AUTO_INCREMENT;

--
-- AUTO_INCREMENT for table `wp_v613comments`
--
ALTER TABLE `wp_v613comments`
  MODIFY `comment_ID` bigint(20) UNSIGNED NOT NULL AUTO_INCREMENT, AUTO_INCREMENT=3;

--
-- AUTO_INCREMENT for table `wp_v613links`
--
ALTER TABLE `wp_v613links`
  MODIFY `link_id` bigint(20) UNSIGNED NOT NULL AUTO_INCREMENT;

--
-- AUTO_INCREMENT for table `wp_v613options`
--
ALTER TABLE `wp_v613options`
  MODIFY `option_id` bigint(20) UNSIGNED NOT NULL AUTO_INCREMENT, AUTO_INCREMENT=224;

--
-- AUTO_INCREMENT for table `wp_v613postmeta`
--
ALTER TABLE `wp_v613postmeta`
  MODIFY `meta_id` bigint(20) UNSIGNED NOT NULL AUTO_INCREMENT, AUTO_INCREMENT=83;

--
-- AUTO_INCREMENT for table `wp_v613posts`
--
ALTER TABLE `wp_v613posts`
  MODIFY `ID` bigint(20) UNSIGNED NOT NULL AUTO_INCREMENT, AUTO_INCREMENT=35;

--
-- AUTO_INCREMENT for table `wp_v613termmeta`
--
ALTER TABLE `wp_v613termmeta`
  MODIFY `meta_id` bigint(20) UNSIGNED NOT NULL AUTO_INCREMENT;

--
-- AUTO_INCREMENT for table `wp_v613terms`
--
ALTER TABLE `wp_v613terms`
  MODIFY `term_id` bigint(20) UNSIGNED NOT NULL AUTO_INCREMENT, AUTO_INCREMENT=5;

--
-- AUTO_INCREMENT for table `wp_v613term_taxonomy`
--
ALTER TABLE `wp_v613term_taxonomy`
  MODIFY `term_taxonomy_id` bigint(20) UNSIGNED NOT NULL AUTO_INCREMENT, AUTO_INCREMENT=5;

--
-- AUTO_INCREMENT for table `wp_v613usermeta`
--
ALTER TABLE `wp_v613usermeta`
  MODIFY `umeta_id` bigint(20) UNSIGNED NOT NULL AUTO_INCREMENT, AUTO_INCREMENT=83;

--
-- AUTO_INCREMENT for table `wp_v613users`
--
ALTER TABLE `wp_v613users`
  MODIFY `ID` bigint(20) UNSIGNED NOT NULL AUTO_INCREMENT, AUTO_INCREMENT=6;
COMMIT;

/*!40101 SET CHARACTER_SET_CLIENT=@OLD_CHARACTER_SET_CLIENT */;
/*!40101 SET CHARACTER_SET_RESULTS=@OLD_CHARACTER_SET_RESULTS */;
/*!40101 SET COLLATION_CONNECTION=@OLD_COLLATION_CONNECTION */;
